,NAME,CITY,STATE,Total_MWh_Rank,Purchased_Rank
0,EVERGY METRO,KANSAS CITY,KS,High,High
1,"EVERGY KANSAS SOUTH, INC",TOPEKA,KS,High,High
2,KARNES ELECTRIC COOP INC,KARNES CITY,TX,High,High
3,KAY ELECTRIC COOP,BLACKWELL,OK,Moderate,Moderate
4,FREESTATE ELECTRIC COOP,MCLOUTH,KS,Low,Low
5,CITY OF KAUKAUNA,KAUKAUNA,WI,Moderate,Moderate
6,K C ELECTRIC ASSOCIATION,HUGO,CO,Low,Low
7,KAUAI ISLAND UTILITY COOPERATIVE,LIHUE,HI,Moderate,Low
8,CITY OF AUSTIN - (MN),AUSTIN,MN,Moderate,Moderate
9,AUSTIN ENERGY,AUSTIN,TX,High,High
10,"KIAMICHI ELECTRIC COOP, INC",WILBURTON,OK,Moderate,Moderate
11,KENTUCKY UTILITIES CO,LEXINGTON,KY,High,High
12,KETCHIKAN PUBLIC UTILITIES,KETCHIKAN,AK,Low,Low
13,"UTILITY BOARD OF THE CITY OF KEY WEST, F",KEY WEST,FL,Moderate,Moderate
15,KINGSPORT POWER CO,KINGSPORT,OH,High,High
16,CITY OF KINSTON - (NC),KINSTON,NC,Moderate,Moderate
17,CITY OF KIRKWOOD - (MO),KIRKWOOD,MO,Low,Low
18,KISSIMMEE UTILITY AUTHORITY,KISSIMMEE,FL,High,High
19,"KIT CARSON ELECTRIC COOP, INC",TAOS,NM,Low,Low
20,PUD NO 1 OF KLICKITAT COUNTY,GOLDENDALE,WA,Moderate,Moderate
21,KNOXVILLE UTILITIES BOARD,KNOXVILLE,TN,High,High
23,KOSCIUSKO COUNTY RURAL E M C,WARSAW,IN,Moderate,Moderate
24,KOTZEBUE ELECTRIC ASSN INC,KOTZEBUE,AK,Low,Low
25,KOOTENAI ELECTRIC COOPERATIVE,HAYDEN,ID,Moderate,Moderate
26,CITY OF AZUSA,AZUSA,CA,Moderate,Moderate
27,VILLAGE OF L'ANSE - (MI),L'ANSE,MI,Low,Low
28,"LA PLATA ELECTRIC ASSN, INC",ST. DURANGO,CO,Moderate,Moderate
29,CITY OF LAFOLLETTE,LAFOLLETTE,TN,Moderate,Moderate
30,CITY OF LA GRANGE - (GA),LA GRANGE,GA,Moderate,Moderate
31,CITY OF LAKE CRYSTAL - (MN),LAKE CRYSTAL,MN,Low,Low
32,"LAKE REGION ELECTRIC COOP, INC - (OK)",HULBERT,OK,Moderate,Moderate
33,"LACLEDE ELECTRIC COOP, INC",LACLEDE,MO,Moderate,Moderate
34,LAKE MILLS LIGHT & WATER,LAKE MILLS ,WI,Low,Low
35,LAKE REGION ELECTRIC COOPERATIVE - (MN),PELICAN RAPIDS,MN,Moderate,Moderate
36,CITY OF LAKE WORTH - (FL),LAKE WORTH,FL,Moderate,Moderate
37,CITY OF LAKELAND - (FL),LAKELAND,FL,High,Low
38,SOUTHERN RIVERS ENERGY,BARNESVILLE,GA,Moderate,Moderate
39,"LAMB COUNTY ELECTRIC COOP, INC",LITTLEFIELD,TX,Moderate,Moderate
40,LAKEVIEW LIGHT & POWER,LAKEWOOD,WA,Low,Low
41,LAMAR COUNTY ELEC COOP ASSN,PARIS,TX,Low,Low
42,LICKING RURAL ELECTRIC INC,BELLEFONTAINE,OH,Moderate,Moderate
43,LANE ELECTRIC COOP INC,EUGENE,OR,Low,Low
44,LAKE COUNTRY POWER,GRAND RAPIDS,MN,Moderate,Moderate
45,"LAURENS ELECTRIC COOP, INC",LAURENS,SC,High,High
46,CITY OF LAWRENCEBURG,LAWRENCEBURG,TN,Moderate,Moderate
47,ADAMS-COLUMBIA ELECTRIC COOP,FRIENDSHIP,WI,Moderate,Moderate
48,CITY OF LAWRENCEVILLE - (GA),LAWRENCEVILLE,GA,Moderate,Moderate
49,"LEA COUNTY ELECTRIC COOP, INC",LOVINGTON,NM,High,High
50,CITY OF LEBANON - (OH),LEBANON,OH,Moderate,Moderate
51,CITY OF LEBANON - (MO),LEBANON,MO,Low,Low
52,"LEE COUNTY ELECTRIC COOP, INC",NORTH FORT MYERS,FL,High,High
53,CITY OF LEESBURG - (FL),LEESBURG,FL,Moderate,Moderate
54,LEHI CITY CORPORATION,LEHI,UT,Moderate,Moderate
55,CITY OF LENOIR - (TN),LENOIR,TN,High,High
56,PUD NO 1 OF LEWIS COUNTY,CHEHALIS,WA,High,High
57,CITY OF LEWISBURG - (TN),LEWISBURG,TN,Low,Low
58,CITY OF LEXINGTON - (NC),LEXINGTON,NC,Moderate,Moderate
59,CITY OF LEXINGTON - (NE),LEXINGTON,NE,Low,Low
60,CITY OF LEXINGTON - (TN),LEXINGTON,TN,Moderate,Moderate
61,LICKING VALLEY RURAL E C C,WEST LIBERTY,KY,Low,Low
62,"LIGHTHOUSE ELECTRIC COOP, INC",FLOYDADA,TX,Moderate,Moderate
63,LINCOLN ELECTRIC SYSTEM,LINCOLN,NE,High,High
64,LINN COUNTY REC,MARION,IA,Moderate,Moderate
65,TOWN OF LITTLETON - (MA),LITTLETON,MA,Low,Low
66,LOCKHART POWER CO,LOCKHART,SC,Moderate,Low
67,CITY OF LODI - (CA),LODI,CA,Moderate,Moderate
68,CITY OF LOGAN - (UT),LOGAN,UT,Moderate,Moderate
69,CITY OF LOGANSPORT - (IN),LOGANSPORT,IN,Moderate,Moderate
70,LONG ISLAND POWER AUTHORITY,UNIONDALE,NY,High,High
71,CITY OF LONGMONT,LONGMONT,CO,Moderate,Moderate
72,"LORAIN-MEDINA R E C, INC",KENTON,OH,Moderate,Moderate
73,LOS ALAMOS COUNTY,LOS ALAMOS,NM,Moderate,Moderate
74,LOS ANGELES DEPARTMENT OF WATER & POWER,LOS ANGELES,CA,High,High
75,LOUDON UTILITIES BOARD,LOUDON,TN,Moderate,Moderate
76,ENTERGY LOUISIANA LLC,JEFFERSON,LA,High,High
77,LOUISVILLE ELECTRIC SYSTEM,NOT AVAILABLE,MS,Low,Low
78,LOUISVILLE GAS & ELECTRIC CO,LOUISVILLE,KY,High,High
79,LOUP RIVER PUBLIC POWER DIST,COLUMBUS,NE,High,High
80,CITY OF LOVELAND - (CO),LOVELAND,CO,Moderate,Moderate
81,"LOWER YELLOWSTONE R E A, INC",SIDNEY,MT,Low,Low
82,LOWER VALLEY ENERGY INC,AFTON,WY,Moderate,Moderate
83,LUMBEE RIVER ELEC MEMBER CORP,PEMBROKE,NC,High,High
84,CITY OF LUBBOCK - (TX),LUBBOCK,TX,High,High
85,CITY OF LUMBERTON - (NC),LUMBERTON,NC,Low,Low
86,"LYON-COFFEY ELECTRIC COOPERATIVE, INC.",BURLINGTON,KS,Low,Low
87,"LYNCHES RIVER ELEC COOP, INC",PAGELAND,SC,Moderate,Moderate
88,"LYNTEGAR ELECTRIC COOP, INC",TAHOKA,TX,Moderate,Moderate
89,CITY OF MACON - (MS),MACON,MS,Low,Low
90,MACON ELECTRIC COOP,MACON,MO,Low,Low
91,CITY OF MADISON - (SD),MADISON,SD,Low,Low
92,TOWN OF MADISON - (ME),MADISON,ME,Low,Low
93,MADISON GAS & ELECTRIC CO,MADISON,WI,High,High
94,MADISONVILLE MUNICIPAL UTILS,MADISONVILLE,KY,Low,Low
95,BALDWIN COUNTY EL MEMBER CORP,SUMMERDALE,AL,High,High
96,MAGIC VALLEY ELECTRIC COOP INC,MERCEDES,TX,High,High
97,MAGNOLIA ELECTRIC POWER ASSN,MCCOMB,MS,Moderate,Moderate
98,CITY OF MANASSAS - (VA),MANASSAS,VA,Moderate,Moderate
99,TOWN OF MANSFIELD - (MA),MANSFIELD,MA,Low,Low
100,CITY OF MAQUOKETA - (IA),MAQUOKETA,IA,Low,Low
101,CITY OF MARIETTA - (GA),MARIETTA,GA,High,Moderate
102,BALTIMORE GAS & ELECTRIC CO,BALTIMORE,MD,High,High
103,BAILEY COUNTY ELEC COOP ASSN,MULESHOE,TX,Moderate,Moderate
104,"MARLBORO ELECTRIC COOP, INC",BENNETTSVILLE,SC,Moderate,Moderate
105,CITY OF MARQUETTE - (MI),MARQUETTE,MI,Low,Low
106,MARSHALL-DE KALB ELECTRIC COOP,BOAZ,AL,Moderate,Moderate
107,CITY OF MARSHALL - (MN),MARSHALL,MN,Moderate,Moderate
108,CITY OF MARSHFIELD - (WI),MARSHFIELD,WI,Moderate,Moderate
109,"BANDERA ELECTRIC COOP, INC",BANDERA,TX,Moderate,Moderate
110,CONSUMERS ENERGY,MARSHALLTOWN,IA,Low,Low
111,MARYVILLE UTILITIES,MARYVILLE,TN,Moderate,Moderate
112,VERSANT POWER,BANGOR,ME,High,High
113,MASSACHUSETTS ELECTRIC CO,BROOKLYN,NY,High,High
114,TOWN OF MASSENA - (NY),MASSENA,NY,Low,Low
115,MATANUSKA ELECTRIC ASSN INC,PALMER,AK,Moderate,Low
116,MAUI ELECTRIC CO LTD,KAHULUI - MAUI,HI,High,Low
117,CITY OF MAYFIELD PLANT BOARD,MAYFIELD,KY,Low,Low
118,VILLAGE OF BARAGA - (MI),BARAGA,MI,Low,Low
119,MCKENZIE ELECTRIC COOP INC,WATFORD CITY,ND,High,High
120,"MCLEAN ELECTRIC COOP, INC",GARRISON,ND,Low,Low
121,MCMINNVILLE ELECTRIC SYSTEM,MCMINNVILLE,TN,Low,Low
122,CITY OF MCMINNVILLE - (OR),MCMINNVILLE,OR,Moderate,Moderate
123,MONTANA-DAKOTA UTILITIES CO,BISMARCK,ND,High,Moderate
124,CITY OF MCPHERSON - (KS),MCPHERSON,KS,High,High
125,MEEKER COOP LIGHT & POWER ASSN,LITCHFIELD,MN,Low,Low
126,MEADE COUNTY RURAL E C C,BRANDENBURG,KY,Moderate,Moderate
127,MECKLENBURG ELECTRIC COOPERATIVE,GRETNA,VA,Moderate,Moderate
128,"MEDINA ELECTRIC COOP, INC",HONDO,TX,High,High
129,CITY OF MEMPHIS - (TN),MEMPHIS,TN,High,High
130,CITY OF MENASHA - (WI),MENASHA,WI,Moderate,Moderate
131,NODAK ELECTRIC COOP INC,GRAND FORKS,ND,High,High
132,MERCED IRRIGATION DISTRICT,MERCED,CA,Moderate,Moderate
133,MERIWETHER LEWIS ELECTRIC COOP,CENTERVILLE,TN,High,High
134,MIDAMERICAN ENERGY CO,DES MOINES,IA,High,High
135,MIDWEST ENERGY COOPERATIVE,CASSOPOLIS,MI,Moderate,Moderate
136,METROPOLITAN EDISON CO,AKRON,OH,High,High
137,MENARD ELECTRIC COOP,PETERSBURG,IL,Low,Low
138,"MIDSTATE ELECTRIC COOP, INC",LA PINE,OR,Moderate,Moderate
139,MIDLAND POWER COOP,JEFFERSON,IA,Moderate,Moderate
140,MID-SOUTH ELECTRIC COOP ASSN,NAVASOTA,TX,Moderate,Moderate
141,MID-CAROLINA ELECTRIC COOP INC,IRMO,SC,High,High
142,MIDDLE TENNESSEE E M C,MURFREESBORO,TN,High,High
143,TOWN OF MIDDLEBOROUGH - (MA),MIDDLEBOROUGH,MA,Low,Low
144,TOWN OF MIDDLETOWN - (DE),MIDDLETOWN,DE,Low,Low
145,BARRON ELECTRIC COOP,BARRON,WI,Moderate,Moderate
146,"MIDWEST ELECTRIC, INC",ATTICA,OH,Low,Low
147,MIDWEST ENERGY INC,HAYS,KS,High,High
148,CITY OF MILAN,MILAN,TN,Low,Low
149,MIDWEST ELECTRIC MEMBER CORP,O'NEILL,NE,Low,Low
150,CITY OF MILFORD - (DE),MILFORD,DE,Low,Low
152,MAQUOKETA VALLEY RRL ELEC COOP,ANAMOSA,IA,Moderate,Moderate
153,"ALLETE, INC.",DULUTH,MN,High,High
154,MINNESOTA VALLEY ELECTRIC COOP,JORDAN,MN,Moderate,Moderate
155,CITY OF MISHAWAKA,MISHAWAKA,IN,Moderate,Moderate
156,MISSISSIPPI COUNTY ELECTRIC CO,BLYTHEVILLE,AR,High,High
157,ENTERGY MISSISSIPPI LLC,JACKSON,MS,High,High
158,MISSISSIPPI POWER CO,GULFPORT,MS,High,Moderate
159,"MISSOULA ELECTRIC COOP, INC",MISSOULA,MT,Low,Low
160,EVERGY MISSOURI WEST,KANSAS CITY,MO,High,High
161,MISSOURI RURAL ELECTRIC COOP,PALMYRA,MO,Low,Low
162,MITCHELL ELECTRIC MEMBER CORP,CAMILLA,GA,Moderate,Moderate
163,"BARTLETT ELECTRIC COOP, INC",BARTLETT,TX,Low,Low
164,MODERN ELECTRIC WATER COMPANY,SPOKANE,WA,Low,Low
165,MODESTO IRRIGATION DISTRICT,MODESTO,CA,High,High
166,CITY OF MONETT - (MO),MONETT,MO,Low,Low
167,MONONGAHELA POWER CO,GREENSBURG,PA,High,High
168,CITY OF MONROE - (NC),MONROE,NC,Moderate,Moderate
169,NORTHWESTERN ENERGY LLC - (MT),BUTTE,MT,High,High
170,BARTHOLOMEW COUNTY RURAL E M C,COLUMBUS,IN,Moderate,Moderate
171,MORGAN COUNTY RURAL ELEC ASSN,FORT MORGAN,CO,Moderate,Moderate
172,MOON LAKE ELECTRIC ASSN INC,ROOSEVELT,UT,High,High
173,CITY OF MOORHEAD - (MN),MOORHEAD,MN,Moderate,Moderate
174,MORENCI WATER AND ELECTRIC,MORENCI,AZ,High,High
175,SOUTH CENTRAL INDIANA REMC,MARTINSVILLE,IN,Moderate,Moderate
176,CITY OF MORGANTON - (NC),MORGANTON,NC,Moderate,Moderate
177,CITY OF MORRISTOWN - (TN),MORRISTOWN,TN,Moderate,Moderate
178,CONSOLIDATED ELECTRIC COOP INC,MT. GILEAD,OH,Moderate,Moderate
179,CITY OF BARTOW - (FL),BARTOW,FL,Moderate,Moderate
180,"MOUNTAIN ELECTRIC COOP, INC",MOUNTAIN CITY,TN,Moderate,Moderate
181,MT CARMEL PUBLIC UTILITY CO,MT CARMEL,IL,Low,Low
182,VILLAGE OF MT. HOREB - (WI),MT. HOREB,WI,Low,Low
183,CITY OF MT PLEASANT - (TN),MT PLEASANT,TN,Low,Low
184,"MOUNTAIN PARKS ELECTRIC, INC",GRANBY,CO,Moderate,Moderate
185,"MOUNTAIN VIEW ELEC ASSN, INC",PEYTON,CO,Moderate,Moderate
186,BASIN ELECTRIC POWER COOP,BISMARCK,ND,High,High
187,"MT WHEELER POWER, INC",ELY,NV,Moderate,Moderate
188,CITY OF MURFREESBORO,MURFREESBORO,TN,High,High
189,CITY OF MURRAY - (UT),MURRAY,UT,Moderate,Moderate
190,CITY OF MURRAY - (KY),MURRAY,KY,Low,Low
191,BOARD OF WATER ELECTRIC & COMMUNICATIONS,MUSCATINE,IA,High,Moderate
192,CITY OF MUSCLE SHOALS,MUSCLE SHOALS,AL,Low,Low
193,VILLAGE OF MUSCODA - (WI),MUSCODA,WI,Low,Low
194,NORTHERN PLAINS ELECTRIC COOP,CARRINGTON,ND,Moderate,Moderate
195,NANTUCKET ELECTRIC CO,NANTUCKET,MA,Low,Low
196,CITY OF NAPERVILLE - (IL),NAPERVILLE,IL,High,High
197,THE NARRAGANSETT ELECTRIC CO,PROVIDENCE,RI,High,High
198,NASHVILLE ELECTRIC SERVICE,NASHVILLE,TN,High,High
199,NATCHEZ TRACE ELEC POWER ASSN,HOUSTON,MS,Moderate,Moderate
200,CITY OF BATAVIA - (IL),BATAVIA,IL,Moderate,Moderate
201,NORRIS ELECTRIC COOP,NEWTON,IL,Moderate,Moderate
202,NAVAJO TRIBAL UTILITY AUTHORITY,FORT DEFIANCE,AZ,Moderate,Moderate
203,"NAVOPACHE ELECTRIC COOP, INC",LAKESIDE,AZ,Moderate,Moderate
204,"NAVARRO COUNTY ELEC COOP, INC",CORSICANA,TX,Moderate,Moderate
205,NEBRASKA PUBLIC POWER DISTRICT,COLUMBUS,NE,High,High
206,CITY OF NEGAUNEE,NEGAUNEE,MI,Low,Low
207,NEVADA POWER CO,LAS VEGAS,NV,High,High
208,CITY OF NEW ALBANY - (MS),NEW ALBANY,MS,Moderate,Moderate
209,CITY OF NEW BERN - (NC),NEW BERN,NC,Moderate,Moderate
210,CITY OF NEW BRAUNFELS - (TX),NEW BRAUNFELS,TX,High,High
211,CITY OF NEWBERN,NEWBERN,TN,Low,Low
212,VILLAGE OF NEW GLARUS - (WI),NEW GLARUS,WI,Low,Low
213,NEW HAMPSHIRE ELEC COOP INC,PLYMOUTH,NH,Moderate,Moderate
214,CITY OF NEW HOLSTEIN - (WI),NEW HOLSTEIN,WI,Low,Low
215,NEW LONDON ELECTRIC&WATER UTIL,NEW LONDON,WI,Low,Low
216,"ENTERGY NEW ORLEANS, LLC",NEW ORLEANS,LA,High,High
217,CITY OF NEW RICHMOND,NEW RICHMOND,WI,Low,Low
218,NEW RIVER LIGHT & POWER CO,BOONE,NC,Low,Low
219,NEW SMYRNA BEACH CITY OF,NEW SMYRNA BEACH,FL,Moderate,Moderate
220,NEW YORK STATE ELEC & GAS CORP,ITHACA,NY,High,High
221,CITY OF NEWARK - (DE),NEWARK,DE,Moderate,Moderate
222,"NEW-MAC ELECTRIC COOP, INC",NEOSHO,MO,Moderate,Moderate
223,CITY OF NEWBERRY - (SC),NEWBERRY,SC,Low,Low
224,"NEWBERRY ELECTRIC COOP, INC",NEWBERRY,SC,Moderate,Moderate
225,"NEWNAN WTR, SEWER & LIGHT COMM",NEWNAN,GA,Moderate,Moderate
226,CITY OF NEWPORT,NEWPORT,TN,Moderate,Moderate
227,NIAGARA MOHAWK POWER CORP.,SYRACUSE,NY,High,High
228,CITY OF NILES - (OH),NILES,OH,Low,Low
229,NORTHERN VIRGINIA ELEC COOP,MANASSAS,VA,High,High
230,NOBLE COUNTY R E M C,ALBION,IN,Low,Low
231,NOLIN RURAL ELECTRIC COOP CORP,ELIZABETHTOWN,KY,Moderate,Moderate
232,CITY OF BAY CITY - (MI),BAY CITY,MI,Moderate,Moderate
233,NORRIS PUBLIC POWER DISTRICT,CREIGHTON,NE,High,High
234,NORTH ALABAMA ELECTRIC COOP,STEVENSON,AL,Moderate,Moderate
235,"NORTH ARKANSAS ELEC COOP, INC",SALEM,AR,Moderate,Moderate
236,TOWN OF NORTH ATTLEBOROUGH - (MA),NORTH ATTLEBOROUGH,MA,Low,Low
238,"NORTH CENTRAL ELEC COOP, INC",BRYAN,OH,Low,Low
239,"NORTH CENTRAL ELEC COOP, INC",BOTTINEAU,ND,Low,Low
240,NORTH CENTRAL POWER CO INC,GRANSTBURG,WI,Low,Low
241,NORTH GEORGIA ELEC MEMBER CORP,DALTON,GA,High,High
242,CITY OF NORTH LITTLE ROCK - (AR),NORTH LITTLE ROCK,AR,Moderate,Moderate
243,CITY OF NORTH PLATTE,NORTH PLATTE,NE,Moderate,Moderate
244,NORTHEAST OKLAHOMA ELECTRIC CO,VINITA,OK,Moderate,Moderate
245,NORTHCENTRAL MISSISSIPPI E P A,OLIVE BRANCH,MS,High,High
246,NORTHEAST POWER,WAYNENOT AVAILABLE,NE,Moderate,Moderate
247,"NORTHERN ELECTRIC COOP, INC",BATH,SD,Moderate,Moderate
248,NORTHERN INDIANA PUB SERV CO,MERRILLVILLE,IN,High,High
249,NORTH PLAINS ELECTRIC COOP INC,PERRYTON,TX,Moderate,Moderate
250,"NORTHERN LIGHTS, INC",SAGLE,ID,Moderate,Moderate
251,"NORTHERN NECK ELEC COOP, INC",WARSAW,VA,Low,Low
252,NORTHERN STATES POWER CO,MINNEAPOLIS,MN,High,High
253,NORTHERN STATES POWER CO - MINNESOTA,MINNEAPOLIS,MN,High,High
254,NORTHEAST LOUISIANA POWER COOP INC.,BASTROP,LA,Low,Low
255,NORTHERN WASCO COUNTY PUD,THE DALLES,OR,High,Moderate
256,PRAIRIE LAND ELECTRIC COOP INC,NORTON,KS,Moderate,Moderate
257,NORTHWESTERN ELECTRIC COOP INC - (OK),WOODWARD,OK,Moderate,Moderate
258,NORTHWESTERN ENERGY - (SD),SIOUX FALLS,SD,High,High
259,NORTHWESTERN WISCONSIN ELEC CO,GRANTSBURG,WI,Low,Low
260,CITY OF NORWAY,NORWAY,MI,Low,Low
261,NUECES ELECTRIC COOPERATIVE,ROBSTOWN,TX,High,High
262,CITY OF NORWOOD - (MA),NORWOOD,MA,Moderate,Moderate
263,CITY OF OAK RIDGE,OAK RIDGE,TN,Moderate,Moderate
264,OAKDALE ELECTRIC COOP,TOMAH,WI,Moderate,Moderate
265,OCONEE ELECTRIC MEMBER CORP,DUDLEY,GA,Low,Low
266,OCONOMOWOC UTILITIES,OCONOMOWOC,WI,Low,Low
267,OCONTO FALLS WATER & LIGHT COMM,OCONTO FALLS,WI,Low,Low
268,OHIO EDISON CO,AKRON,OH,High,High
269,OHIO POWER CO,COLUMBUS,OH,High,High
270,OHIO VALLEY ELECTRIC CORP,PIKETON,OH,High,High
271,PUD NO 1 OF OKANOGAN COUNTY,BREWSTER,WA,Moderate,Moderate
272,OKLAHOMA ELECTRIC COOP INC,NORMAN,OK,High,High
273,OKLAHOMA GAS & ELECTRIC CO,OKLAHOMA CITY,OK,High,High
274,CITY OF OKOLONA,OKOLONA,MS,Low,Low
275,"OREGON TRAIL EL CONS COOP, INC",BAKER CITY,OR,Moderate,Moderate
276,OMAHA PUBLIC POWER DISTRICT,OMAHA,NE,High,High
277,CITY OF OPELIKA - (AL),OPELIKA,AL,Moderate,Moderate
278,ORANGE & ROCKLAND UTILS INC,PEARL RIVER,NY,High,High
279,CITY OF ORANGEBURG - (SC),ORANGEBURG,SC,Moderate,Moderate
280,ORCAS POWER & LIGHT COOP,EASTSOUND,WA,Low,Low
281,"TRI-COUNTY ELECTRIC COOP, INC (SC)",ST. MATTHEWS,SC,Moderate,Moderate
282,OSAGE VALLEY ELEC COOP ASSN,BUTLER,MO,Low,Low
283,CITY OF ORRVILLE - (OH),ORRVILLE,OH,Moderate,Moderate
284,OTERO COUNTY ELECTRIC COOP INC,CLOUDCROFT,NM,Low,Low
285,OTTER TAIL POWER CO,FERGUS FALLS,MN,High,High
286,OUACHITA ELECTRIC COOP CORP,CAMDEN,AR,Low,Low
287,OVERTON POWER DISTRICT NO 5,MOAPA VALLEY,NV,Moderate,Moderate
288,CITY OF OWATONNA - (MN),OWATONNA,MN,Moderate,Moderate
289,OWEN ELECTRIC COOP INC,OWENTON,KY,High,High
290,CITY OF OWENSBORO - (KY),OWENSBORO,KY,High,Moderate
291,CITY OF OXFORD - (MS),OXFORD,MS,Low,Low
292,OZARK BORDER ELECTRIC COOP,POPLAR BLUFF,MO,Moderate,Moderate
293,OZARK ELECTRIC COOP INC - (MO),MT VERNON,MO,Moderate,Moderate
294,OZARKS ELECTRIC COOP CORP - (AR),STILLWELL,AR,High,High
295,PUD NO 2 OF PACIFIC COUNTY,RAYMOND,WA,Moderate,Moderate
296,PACIFIC GAS & ELECTRIC CO.,SAN FRANCISCO,CA,High,High
297,PACIFICORP,PORTLAND,OR,High,High
298,CITY OF PADUCAH - (KY),NOT AVAILABLE,KY,Moderate,Moderate
299,CITY OF PAINESVILLE,PAINESVILLE,OH,Low,Low
300,PALMETTO ELECTRIC COOP INC,HAMPTON,SC,High,High
301,CITY OF PALO ALTO - (CA),PALO ALTO,CA,Moderate,Moderate
302,"PANOLA-HARRISON ELEC COOP, INC",KEACHI,LA,Moderate,Moderate
303,CITY OF PARIS - (TN),PARIS,TN,Moderate,Moderate
304,PEOPLE'S COOPERATIVE SERVICES,ROCKVILLE,MN,Moderate,Moderate
305,CITY OF PASADENA - (CA),PASADENA,CA,High,High
306,PASCOAG UTILITY DISTRICT,PASCOAG,RI,Low,Low
307,"PEE DEE ELECTRIC COOP, INC",DARLINGTON,SC,Moderate,Moderate
308,TOWN OF BEDFORD - (VA),BEDFORD,VA,Low,Low
309,PEARL RIVER VALLEY EL PWR ASSN,COLUMBIA,MS,High,High
310,"BEAUREGARD ELECTRIC COOP, INC",DERIDDER,LA,High,High
311,"PAULDING-PUTMAN ELEC COOP, INC",PIQUA,OH,Moderate,Moderate
312,PEA RIVER ELECTRIC COOP,OZARK,AL,Moderate,Moderate
313,CITY OF PEABODY - (MA),PEABODY,MA,Moderate,Moderate
314,"PEACE RIVER ELECTRIC COOP, INC",WAUCHULA,FL,Moderate,Moderate
315,ORLANDO UTILITIES COMM,ORLANDO,FL,High,High
316,PUD NO 2 OF GRANT COUNTY,EPHRATA,WA,High,High
317,"PEDERNALES ELECTRIC COOP, INC",JOHNSON CITY,TX,High,High
318,PLANTERS ELECTRIC MEMBER CORP,MILLEN,GA,Moderate,Moderate
319,PUD NO 1 OF PEND OREILLE COUNTY,NEWPORT,WA,Moderate,Moderate
320,PENINSULA LIGHT COMPANY,GIG HARBOR,WA,Moderate,Moderate
321,PENNSYLVANIA ELECTRIC CO,AKRON,OH,High,High
322,PPL ELECTRIC UTILITIES CORP,WILKES-BARRE,PA,High,High
323,PENNSYLVANIA POWER CO,AKRON,OH,High,High
324,PEE DEE ELECTRIC MEMBER CORP,LILESVILLE,NC,Moderate,Moderate
325,PENNYRILE RURAL ELECTRIC COOP,HOPKINSVILLE,KY,High,High
326,PEOPLE'S ELECTRIC COOPERATIVE,ADA,OK,High,Moderate
327,CITY OF PERU - (IN),PERU,IN,Low,Low
328,CITY OF PERU - (IL),PERU,IL,Low,Low
329,PETIT JEAN ELECTRIC COOP CORP,CLINTON,AR,Moderate,Moderate
330,PECO ENERGY CO,CONSHOHOCKEN,PA,High,High
331,CITY OF PHILADELPHIA - (MS),PHILADELPHIA,MS,Low,Low
332,PICKWICK ELECTRIC COOP,SELMER,TN,Moderate,Moderate
333,PIEDMONT ELECTRIC MEMBER CORP,DURHAM,NC,Moderate,Moderate
334,CITY OF PIERRE - (SD),PIERRE,SD,Low,Low
335,PIKE COUNTY LIGHT & POWER CO,PEARL RIVER,NY,Low,Low
336,ELECTRICAL DIST NO2 PINAL COUNTY,CASA GRANDE,AZ,Low,Low
337,"PIONEER RURAL ELEC COOP, INC - (OH)",LANCASTER,OH,Moderate,Moderate
338,"PIONEER ELECTRIC COOP, INC - (KS)",ULYSSES,KS,Moderate,Moderate
339,CITY OF PIOCHE - (NV),PIOCHE,NV,Low,Low
340,PIONEER POWER AND LIGHT CO,WESTFIELD,WI,Low,Low
341,CITY OF PIQUA - (OH),PIQUA,OH,Moderate,Moderate
342,"PLATTE-CLAY ELECTRIC COOP, INC",PLATTE CITY,MO,Moderate,Moderate
343,PLATEAU ELECTRIC COOPERATIVE,ONEIDA,TN,Moderate,Moderate
344,CITY OF PLATTSBURGH - (NY),PLATTSBURGH,NY,Moderate,Moderate
345,CITY OF PLYMOUTH - (WI),PLYMOUTH,WI,Low,Low
346,POINTE COUPEE ELEC MEMBER CORP,NEW ROADS,LA,Low,Low
347,CITY OF PONCA CITY - (OK),PONCA CITY,OK,Moderate,Moderate
348,PONTOTOC ELECTRIC POWER ASSN,PONTOTOC,MS,Moderate,Moderate
349,CITY OF POPLAR BLUFF - (MO),POPLAR BLUFF,MO,Moderate,Moderate
350,CITY OF PORT ANGELES - (WA),PORT ANGELES,WA,Moderate,Moderate
351,PORTLAND GENERAL ELECTRIC CO,PORTLAND,OR,High,High
352,"POUDRE VALLEY REA, INC",FORT COLLINS,CO,High,High
353,THE POTOMAC EDISON COMPANY,PITTSBURGH,PA,High,High
354,POTOMAC ELECTRIC POWER CO,WASHINGTON,DC,High,High
355,"BELTRAMI ELECTRIC COOP, INC",BEMIDJI,MN,Moderate,Moderate
356,PRAIRIE ENERGY COOP,CLARION,IA,Moderate,Moderate
357,POWELL VALLEY ELECTRIC COOP,NEW TAZEWELL,TN,Moderate,Moderate
358,VILLAGE OF PRAIRIE DU SAC - (WI),PRAIRIE DU SAC,WI,Low,Low
359,PRENTISS COUNTY ELEC PWR ASSN,BOONEVILLE,MS,Moderate,Moderate
360,PRESQUE ISLE ELEC & GAS COOP,ONAWAY,MI,Low,Low
361,POLK-BURNETT ELECTRIC COOP,CENTURIA,WI,Low,Low
362,PRINCE GEORGE ELECTRIC COOP,WAVERLY,VA,Moderate,Moderate
363,PUD NO 3 OF MASON COUNTY,SHELTON,WA,Moderate,Moderate
364,PROVO CITY CORP,PROVO,UT,Moderate,Moderate
365,PUBLIC SERVICE CO OF COLORADO,DENVER,CO,High,High
366,"DUKE ENERGY INDIANA, LLC",PLAINFIELD,IN,High,High
367,PUBLIC SERVICE CO OF NH,MANCHESTER,NH,High,High
368,PUBLIC SERVICE CO OF NM,ALBUQUERQUE,NM,High,High
369,PUBLIC SERVICE CO OF OKLAHOMA,TULSA,OK,High,High
370,PUBLIC SERVICE ELEC & GAS CO,NEWARK,NJ,High,High
371,PUERTO RICO ELECTRIC PWR AUTHORITY,SAN JUAN,PR,High,High
372,AGRALITE ELECTRIC COOP,BENSON,MN,Low,Low
373,PUGET SOUND ENERGY INC,BELLEVUE,WA,High,High
374,CITY OF PULASKI - (TN),PULASKI,TN,Moderate,Moderate
375,"RADIANT ELECTRIC COOP, INC",FREDONIA,KS,Low,Low
376,RANDOLPH ELECTRIC MEMBER CORP,ASHEBORO,NC,Moderate,Moderate
377,RAYLE ELECTRIC MEMBERSHIP CORP,WASHINGTON,GA,Low,Low
379,RED RIVER VALLEY RRL ELEC ASSN,MARIETTA,OK,Moderate,Moderate
380,TOWN OF READING - (MA),READING,MA,Moderate,Moderate
381,REEDY CREEK IMPROVEMENT DIST,LAKE BUENA VISTA,FL,High,High
382,BENTON COUNTY,BENTON COUNTY,TN,Low,Low
383,CITY OF REDDING - (CA),REDDING,CA,High,Moderate
384,PUD NO 1 OF BENTON COUNTY,KENNEWICK,WA,High,High
385,CITY OF BENTON - (AR),BENTON,AR,Low,Low
386,CITY OF BENTON - (KY),BENTON,KY,Low,Low
387,CITY OF BENTONVILLE - (AR),BENTONVILLE,AR,Moderate,Moderate
388,"BIG COUNTRY ELECTRIC COOP, INC",ROBY,TX,Low,Low
389,CITY OF RICHLAND CENTER - (WI),RICHLAND CENTER,WI,Low,Low
390,CITY OF RICHLAND - (WA),RICHLAND,WA,Moderate,Moderate
391,CITY OF RICHMOND - (IN),RICHMOND,IN,Moderate,Moderate
392,"RIO GRANDE ELECTRIC COOP, INC",RIO GRANDE,TX,Moderate,Moderate
393,RIVERLAND ENERGY COOPERATIVE,ARCADIA,WI,Low,Low
394,"RITA BLANCA ELECTRIC COOP, INC",DALHART,TX,Moderate,Moderate
395,CITY OF RIVER FALLS,RIVER FALLS,WI,Low,Low
396,CITY OF RIVERSIDE - (CA),RIVERSIDE,CA,High,High
397,ROANOKE ELECTRIC MEMBER CORP,WEST AULANDER,NC,Low,Low
398,BERKELEY ELECTRIC COOP INC,AWENDAW,SC,High,High
399,"NAVASOTA VALLEY ELEC COOP, INC",FRANKLIN,TX,Moderate,Moderate
400,ROCHESTER PUBLIC UTILITIES,ROCHESTER,MN,High,High
401,ROCHESTER GAS & ELECTRIC CORP,ROCHESTER,NY,High,High
402,CITY OF ROCK HILL - (SC),ROCK HILL,SC,Moderate,Moderate
403,ROCK ENERGY COOPERATIVE,JANESVILLE,WI,Moderate,Moderate
404,AIKEN ELECTRIC COOP INC,AIKEN,SC,Moderate,Moderate
405,ROCKLAND ELECTRIC CO,MAHWAH,NJ,High,High
406,CITY OF ROCKWOOD - (TN),ROCKWOOD,TN,Moderate,Moderate
407,CITY OF ROCKY MOUNT - (NC),ROCKY MOUNT,NC,Moderate,Moderate
408,BENTON RURAL ELECTRIC ASSN,PROSSER,WA,Moderate,Moderate
409,CITY OF ROLLA - (MO),ROLLA,MO,Moderate,Moderate
410,ROSEBUD ELECTRIC COOP INC,GREGORY,SD,Low,Low
411,CITY OF ROSEVILLE - (CA),ROSEVILLE,CA,High,Moderate
412,RUNESTONE ELECTRIC ASSN,ALEXANDRIA,MN,Low,Low
413,"RURAL ELECTRIC COOP, INC",LINDSAY,OK,Moderate,Moderate
414,CITY OF BESSEMER UTILITIES,BESSEMER,AL,Low,Low
415,CITY OF RUSSELLVILLE - (AL),RUSSELLVILLE,AL,Low,Low
416,CITY OF RUSSELLVILLE - (KY),RUSSELLVILLE,KY,Low,Low
417,"RUSK COUNTY ELECTRIC COOP, INC",HENDERSON,TX,Moderate,Moderate
418,CITY OF RUSTON - (LA),RUSTON,LA,Low,Low
419,RUTHERFORD ELEC MEMBER CORP,FOREST CITY,NC,High,High
420,SACRAMENTO MUNICIPAL UTIL DIST,SACRAMENTO,CA,High,High
421,SALEM ELECTRIC - (OR),SALEM,OR,Moderate,Moderate
422,CITY OF SALEM - (VA),SALEM,VA,Moderate,Moderate
423,SALMON RIVER ELECTRIC COOP INC,CHALLIS,ID,Low,Low
424,SALT RIVER PROJECT,PHOENIX,AZ,High,High
425,SALT RIVER ELECTRIC COOP CORP,BARDSTOWN,KY,High,High
426,"SAN LUIS VALLEY R E C, INC",MONTE VISTA,CO,Low,Low
427,"SANTEE ELECTRIC COOP, INC",KINGSTREE,SC,High,High
428,SAN DIEGO GAS & ELECTRIC CO,SAN DIEGO,CA,High,High
429,ACCESS ENERGY COOP,MOUNT PLEASANT,IA,Moderate,Moderate
430,CITY & COUNTY OF SAN FRANCISCO,SAN FRANCISCO,CA,High,Low
431,SAM HOUSTON ELECTRIC COOP INC,LIVINGSTON,TX,High,High
432,"SAN ISABEL ELECTRIC ASSN, INC",PUEBLO WEST,CO,Moderate,Moderate
433,"SAN MIGUEL POWER ASSN, INC",NUCLA,CO,Low,Low
434,SAN PATRICIO ELECTRIC COOP INC,SINTON,TX,Low,Low
435,SAND MOUNTAIN ELECTRIC COOP,RAINSVILLE,AL,Moderate,Moderate
436,"SAN BERNARD ELECTRIC COOP, INC",BELLVILLE,TX,Moderate,Moderate
437,CITY OF SANTA CLARA - (CA),SANTA CLARA,CA,High,High
438,SATILLA RURAL ELEC MEMBER CORPORATION,ALMA,GA,High,High
439,SCENIC RIVERS ENERGY COOP,LANCASTER,WI,Low,Low
440,THREE RIVERS ELECTRIC COOP,LINN,MO,Moderate,Moderate
441,SEMO ELECTRIC COOPERATIVE,SIKESTON,MO,Moderate,Moderate
443,CITY OF SCOTTSBORO,SCOTTSBORO,AL,Moderate,Moderate
444,SAWNEE ELECTRIC MEMBERSHIP CORPORATION,CUMMING,GA,High,High
445,CITY OF SEATTLE - (WA),SEATTLE,WA,High,High
446,CITY OF SEGUIN - (TX),SEGUIN,TX,Moderate,Moderate
447,SEQUACHEE VALLEY ELECTRIC COOP,SOUTH PITTSBURG,TN,Moderate,Moderate
448,SEVIER COUNTY ELECTRIC SYSTEM,SEVIERVILLE,TN,High,High
449,SHAKOPEE PUBLIC UTILITIES COMM,SHAKOPEE,MN,Moderate,Moderate
450,SHEFFIELD UTILITIES,SHEFFIELD,AL,Moderate,Moderate
451,RUSHSHELBY ENERGY,MANILLA,IN,Moderate,Moderate
452,"SHELBY ELECTRIC COOP, INC",SHELBYVILLE,IL,Low,Low
453,"SHELBY ENERGY CO-OP, INC",SHELBYVILLE,KY,Moderate,Moderate
454,CITY OF SHELBYVILLE - (TN),SHELBYVILLE,TN,Moderate,Moderate
455,SHENANDOAH VALLEY ELEC COOP,WINCHESTER,VA,High,High
456,BIG SANDY RURAL ELEC COOP CORP,PAINTSVILLE,KY,Low,Low
457,TOWN OF SHREWSBURY - (MA),SHREWSBURY,MA,Low,Low
458,SIERRA PACIFIC POWER CO,RENO,NV,High,High
459,CITY OF SIKESTON - (MO),SIKESTON,MO,High,Moderate
460,CITY OF SILOAM SPRINGS - (AR),SILOAM SPRINGS,AR,Low,Low
461,"BIG BEND ELECTRIC COOP, INC",RITZVILLE,WA,Moderate,Moderate
462,SINGING RIVER ELEC COOPERATIVE,LUCEDALE,MS,High,High
463,NORTH WEST RURAL ELECTRIC COOP,ORANGE CITY,IA,Moderate,Moderate
464,SLOPE ELECTRIC COOP INC,NEW ENGLAND,ND,Moderate,Moderate
465,SIOUX VALLEY SW ELEC COOP,COLMAN,SD,Moderate,Moderate
466,SLINGER UTILITIES,SLINGER,WI,Low,Low
467,BONNEVILLE POWER ADMINISTRATION,SAGLE,ID,High,High
468,CITY OF SMITHVILLE - (TN),SMITHVILLE,TN,Low,Low
469,PUD 1 OF SNOHOMISH COUNTY,EVERETT,WA,High,High
470,VILLAGE OF SOLVAY - (NY),SOLVAY,NY,Moderate,Moderate
471,"SOUTH ALABAMA ELEC COOP, INC",TROY,AL,Moderate,Moderate
472,"DOMINION ENERGY SOUTH CAROLINA, INC",CAYCE,SC,High,High
473,"SOUTH CENTRAL ARK EL COOP, INC",ARKADELPHIA,AR,Low,Low
474,SOUTH CAROLINA PUBLIC SERVICE AUTHORITY,MONCKS CORNER,SC,High,High
475,SOUTH CENTRAL ELECTRIC ASSN,ST JAMES,MN,Low,Low
476,SOUTH PLAINS ELECTRIC COOP INC,LUBBOCK,TX,High,High
477,SOUTH KENTUCKY RURAL E C C,SOMERSET,KY,High,High
478,SOUTH LOUISIANA ELEC COOP ASSN,AMELIA,LA,Moderate,Moderate
479,SOUTH RIVER ELEC MEMBER CORP,DUNN,NC,Moderate,Moderate
480,CITY OF SOUTH SIOUX CITY,SOUTH SIOUX CITY,NE,Low,Low
482,"SOUTHEASTERN IL ELEC COOP, INC",CARRIER MILLS,IL,Moderate,Moderate
483,SOUTHEAST COLORADO POWER ASSN,LAMAR,CO,Low,Low
484,SOUTHEASTERN INDIANA R E M C,OSGOOD,IN,Moderate,Moderate
485,AJO IMPROVEMENT CO,AJO,AZ,Low,Low
486,SOUTHEASTERN ELECTRIC COOP INC - (OK),DURANT,OK,Moderate,Moderate
487,SOUTHERN CALIFORNIA EDISON CO,ROSEMEAD,CA,High,High
488,BEAR VALLEY ELECTRIC SERVICE,BIG BEAR LAKE,CA,Low,Low
489,"BLACK RIVER ELECTRIC COOP, INC - (SC)",SUMTER,SC,Moderate,Moderate
490,SOUTHERN INDIANA GAS & ELEC CO,EVANSVILLE,IN,High,High
491,SOUTHERN MARYLAND ELEC COOP INC,HUGHESVILLE,MD,High,High
492,BLACK DIAMOND POWER CO,SOPHIA,WV,Low,Low
493,SOUTHERN PUBLIC POWER DISTRICT,GRAND ISLAND,NE,High,High
494,"SOUTHERN PINE ELEC COOP, INC",BREWTON,AL,Moderate,Moderate
495,SOUTHERN PINE ELECTRIC COOPERATIVE,TAYLORSVILLE,MS,High,High
496,SOUTHWEST ARKANSAS E C C,HOPE,AR,Moderate,Moderate
497,SOUTHWEST MISSISSIPPI E P A,LORMAN,MS,Moderate,Moderate
498,SOUTHWEST LOUISIANA E M C,LAFAYETTE,LA,High,High
499,"BLACK HILLS ELECTRIC COOP, INC",CUSTER,SD,Low,Low
500,SOUTHWEST PUBLIC POWER DIST,STANTON,NE,Low,Low
501,"SOUTHWEST TEXAS ELEC COOP, INC",ELDORADO,TX,Low,Low
502,SOUTHWEST TENNESSEE E M C,BROWNSVILLE,TN,Moderate,Moderate
503,SOUTHWESTERN ELECTRIC COOP INC - (IL),ST. ELMO,IL,Moderate,Moderate
504,SOUTHWESTERN ELECTRIC POWER CO,TULSA,OK,High,High
505,SOUTHWESTERN ELECTRIC COOP INC - (NM),CLAYTON,NM,Moderate,Moderate
506,SOUTHWESTERN PUBLIC SERVICE CO,AMARILLO,TX,High,High
507,SPANISH FORK CITY CORPORATION,SPANISH FORK,UT,Low,Low
508,CITY OF SPARTA,SPARTA,TN,Low,Low
509,BLACK RIVER ELECTRIC COOP - (MO),MARBLE HILL,MO,Moderate,Moderate
510,CITY OF BLACK RIVER FALLS,BLACK RIVER FALLS,WI,Low,Low
511,BLACK WARRIOR ELEC MEMBER CORP,DEMOPOLIS,AL,Moderate,Moderate
512,"SPRINGER ELECTRIC COOP, INC",SPRINGER,NM,Low,Low
513,CITY OF SPRINGFIELD - (IL),SPRINGFIELD,IL,High,Moderate
514,CITY OF SPRINGFIELD - (TN),SPRINGFIELD,TN,Low,Low
515,SNAPPING SHOALS EL MEMBER CORP,COVINGTON,GA,High,High
516,CITY UTILITIES OF SPRINGFIELD - (MO),SPRINGFIELD,MO,High,High
517,CITY OF SPRINGFIELD - (OR),SPRINGFIELD,OR,Moderate,Moderate
518,CITY OF SPRINGVILLE - (UT),SPRINGVILLE,UT,Low,Low
519,CITY OF ST CHARLES - (IL),ST CHARLES,IL,Moderate,Moderate
520,CITY OF ST GEORGE,ST GEORGE,UT,Moderate,Moderate
521,CITY OF ST MARYS - (OH),ST MARYS,OH,Low,Low
522,CITY OF STARKVILLE,STARKVILLE,MS,Moderate,Moderate
523,STEARNS COOPERATIVE ELEC ASSN,JOSEPH,MN,Moderate,Moderate
524,CITY OF STATESVILLE - (NC),STATESVILLE,NC,Moderate,Moderate
525,STEELE-WASECA COOPERATIVE ELECTRIC,OWATONNA,MN,Moderate,Moderate
526,SOUTH CENTRAL POWER COMPANY,COSHOCTON,OH,High,High
527,TOWN OF STERLING - (MA),STERLING,MA,Low,Low
528,CITY OF STOUGHTON - (WI),STOUGHTON,WI,Low,Low
529,TALLAPOOSA RIVER ELEC COOP INC,LAFAYETTE,AL,Moderate,Moderate
530,STRAWBERRY ELECTRIC SERV DIST,PAYSON,UT,Low,Low
531,CITY OF STURGEON BAY - (WI),STURGEON BAY,WI,Low,Low
532,SURPRISE VALLEY ELECTRIFICATION,ALTURAS,CA,Low,Low
533,SULPHUR SPRINGS VALLEY E C INC,SIERRA VISTA,AZ,Moderate,Moderate
534,"SUMTER ELECTRIC COOP, INC",SUMTERVILLE,FL,High,High
535,SUMTER ELECTRIC MEMBER CORP,AMERICUS,GA,Moderate,Moderate
536,SUN PRAIRIE UTILITIES,SUN PRAIRIE,WI,Low,Low
537,SUPERIOR WATER AND LIGHT CO,SUPERIOR,WI,Moderate,Moderate
538,SURRY-YADKIN ELEC MEMBER CORP,DOBSON,NC,Moderate,Moderate
539,SUWANNEE VALLEY ELEC COOP INC,LIVE OAK,FL,Moderate,Moderate
540,CITY OF SWEETWATER,SWEETWATER,TN,Low,Low
541,CITY OF SYLVANIA - (GA),SYLVANIA,GA,Moderate,Moderate
542,CITY OF TACOMA - (WA),TACOMA,WA,High,High
543,CITY OF TALLAHASSEE - (FL),TALLAHASSEE,FL,High,Low
544,TALLAHATCHIE VALLEY E P A,BATESVILLE,MS,Moderate,Moderate
545,"TALQUIN ELECTRIC COOP, INC",QUINCY,FL,High,High
546,TAMPA ELECTRIC CO,TAMPA,FL,High,High
547,TOWN OF TARBORO - (NC),TARBORO,NC,Low,Low
548,CITY OF TARRANT,TARRANT,AL,Low,Low
549,CITY OF TAUNTON,TAUNTON,MA,Moderate,Moderate
550,TAYLOR COUNTY RURAL E C C,CAMPBELLSVILLE,KY,Moderate,Moderate
551,THREE NOTCH ELEC MEMBER CORP,DONALSONVILLE,GA,Low,Low
552,BLOCK ISLAND UTILITY DISTRICT,BLOCK ISLAND,RI,Low,Low
553,TENNESSEE VALLEY ELECTRIC COOP,SAVANNAH,TN,Moderate,Moderate
554,BENCO ELECTRIC COOPERATIVE,MANKATO,MN,Moderate,Moderate
555,CITY OF THOMASVILLE - (GA),THOMASVILLE,GA,Moderate,Moderate
556,BLUE GRASS ENERGY COOP CORP,NICHOLASVILLE,KY,High,High
557,BLUE RIDGE ELEC MEMBER CORP - (NC),LENOIR,NC,High,High
558,BLUE RIDGE ELECTRIC COOP INC - (SC),ANDERSON,SC,High,High
559,BLUE RIDGE MOUNTAIN EMC - (GA),YOUNG HARRIS,GA,Moderate,Moderate
560,TILLAMOOK PEOPLES UTILITY DIST,TILLAMOOK,OR,Moderate,Moderate
561,"BLUEBONNET ELECTRIC COOP, INC",BASTROP,TX,High,High
562,TIPMONT RURAL ELEC MEMBER CORP,CRAWFORDSVILLE,IN,Moderate,Moderate
563,TIPPAH ELECTRIC POWER ASSN,RIPLEY,MS,Moderate,Moderate
564,TISHOMINGO COUNTY E P A,IUKA,MS,Low,Low
565,"TRI-COUNTY ELECTRIC COOP, INC (IL)",MT VERNON,IL,Moderate,Moderate
566,TRI-COUNTY ELEC MEMBER CORP (GA),GRAY,GA,Moderate,Moderate
567,TRI-COUNTY ELEC MEMBER CORP (NC),DUDLEY,NC,Moderate,Moderate
568,CITY OF BLUFFTON - (IN),BLUFFTON,IN,Low,Low
569,TRINITY VALLEY ELEC COOP INC,KAUFMAN,TX,High,High
570,THE TOLEDO EDISON CO,HOLLAND,OH,High,High
571,TOMBIGBEE ELECTRIC POWER ASSN,TUPELO,MS,High,High
572,TIDELAND ELECTRIC MEMBER CORP,PANTEGO,NC,Moderate,Moderate
573,CITY OF TRAVERSE CITY - (MI),TRAVERSE CITY,MI,Moderate,Moderate
574,CITY OF TRENTON - (TN),TRENTON,TN,Low,Low
575,TRI-STATE ELECTRIC MEMBER CORP,BLUE RIDGE,GA,Moderate,Moderate
576,POWDER RIVER ENERGY CORP,SUNDANCE,WY,High,High
577,MIENERGY COOPERATIVE,RUSHFORD VILLAGE,MN,Moderate,Moderate
578,"TRI-COUNTY ELECTRIC COOP, INC (TX)",AZLE,TX,High,High
579,"TRI-COUNTY ELECTRIC COOP, INC (OK)",HOOKER,OK,Moderate,Moderate
580,"TRI-COUNTY ELECTRIC COOP, INC (FL)",MADISON,FL,Moderate,Moderate
581,TRI-COUNTY ELEC MEMBER CORP (TN),LAFAYETTE,TN,High,High
582,TRICO ELECTRIC COOPERATIVE INC,MARANA,AZ,Moderate,Moderate
583,DIVERSE POWER INCORPORATED,LAGRANGE,GA,Moderate,Moderate
584,CITY OF TROY - (AL),TROY,AL,Moderate,Moderate
585,TULLAHOMA BOARD-PUBLIC UTILS,TULLAHOMA,TN,Low,Low
586,CITY OF TUPELO - (MS),TUPELO,MS,Moderate,Moderate
588,TURLOCK IRRIGATION DISTRICT,TURLOCK,CA,High,High
589,SOUTHEASTERN ELECTRIC COOP INC - (SD),VIBORG,SD,Moderate,Moderate
590,CITY OF TUSCUMBIA,TUSCUMBIA,AL,Low,Low
591,TWO RIVERS WATER & LIGHT,TWO RIVERS,WI,Low,Low
592,UMATILLA ELECTRIC COOP ASSN,TROY,OR,High,High
593,BOLIVAR ENERGY AUTHORITY,BOLIVAR,TN,Low,Low
594,"UGI UTILITIES, INC",SHAMOKIN,PA,Moderate,Moderate
595,TRI-COUNTY ELECTRIC COOP (MI),PORTLAND,MI,Moderate,Moderate
596,CITY OF UNION CITY,UNION CITY,TN,Moderate,Moderate
597,UNION ELECTRIC MEMBERSHIP CORP - (NC),OAKBORO,NC,High,High
598,UNION ELECTRIC CO - (MO),ST LOUIS,MO,High,High
599,"SOUTHERN INDIANA R E C, INC",TELL CITY,IN,Moderate,Moderate
600,DUKE ENERGY KENTUCKY,ERLANGER,OH,High,High
601,UNITED ELECTRIC COOP SERVICE INC - (TX),CLEBURNE,TX,High,High
602,UNITED ILLUMINATING CO,NEW HAVEN,CT,High,High
603,"UNITED POWER, INC",HEYBURN,CO,High,High
604,ALABAMA POWER CO,BIRMINGHAM,AL,High,High
605,"UNION RURAL ELECTRIC COOP, INC",MARYSVILLE,OH,Moderate,Moderate
606,"UNITED ELECTRIC CO-OP, INC - (ID)",HERMISTON,ID,Moderate,Moderate
607,"BLACK HILLS POWER, INC. D/B/A",RAPID CITY,SD,High,High
608,HAWAIIAN ELECTRIC CO INC,HONOLULU,HI,High,High
609,HOMER ELECTRIC ASSN INC,HOMER,AK,Moderate,Moderate
610,UPPER CUMBERLAND E M C,CARTHAGE,TN,High,High
611,UPPER PENINSULA POWER COMPANY,MARQUETTE,MI,Moderate,Moderate
612,UPSHUR RURAL ELEC COOP CORP,GILMER,TX,Moderate,Moderate
613,USBIA-MISSION VALLEY POWER,PABLO,MT,Moderate,Moderate
614,USBIA-SAN CARLOS PROJECT,SAN CARLOS,AZ,Low,Low
615,UTILITIES DIST-WESTERN IN REMC,BLOOMFIELD,IN,Moderate,Moderate
616,"UNS ELECTRIC, INC",TUCSON,AZ,High,High
617,VERA IRRIGATION DISTRICT #15,SPOKANE VALLEY,WA,Low,Low
618,VERDIGRIS VALLEY ELEC COOP INC,COLLINSVILLE,OK,Moderate,Moderate
619,VERENDRYE ELECTRIC COOP INC,EAST MINOT,ND,Moderate,Moderate
620,"VERMONT ELECTRIC COOPERATIVE, INC",JOHNSON,VT,Moderate,Moderate
621,CITY OF VERNON,VERNON,CA,High,High
622,CITY OF VERO BEACH - (FL),VERO BEACH,FL,Moderate,Moderate
623,"VICTORIA ELECTRIC COOP, INC",VICTORIA,TX,Moderate,Moderate
624,VICTORY ELECTRIC COOP ASSN INC,DODGE CITY,KS,Moderate,Moderate
625,"VALLEY ELECTRIC ASSN, INC",PAHRUMP,NV,Moderate,Moderate
626,CITY OF VINELAND - (NJ),VINELAND,NJ,Moderate,Moderate
627,VINTON PUBLIC POWER AUTHORITY,VINTON,LA,High,High
628,VIRGINIA ELECTRIC & POWER CO,RICHMOND,VA,High,High
630,VIRGINIA TECH ELECTRIC SERVICE,BLACKSBURG,VA,Moderate,Moderate
631,CITY OF VOLGA - (SD),VOLGA,SD,Low,Low
632,VOLUNTEER ELECTRIC COOP,DECATUR,TN,High,High
633,CITY OF WADSWORTH - (OH),WADSWORTH,OH,Low,Low
634,CITY OF BOSCOBEL - (WI),BOSCOBEL,WI,Low,Low
635,WAKE ELECTRIC MEMBERSHIP CORP,WAKE FOREST,NC,Moderate,Moderate
636,BOONE ELECTRIC COOP,COLUMBIA,MO,Moderate,Moderate
637,TOWN OF WALLINGFORD - (CT),WALLINGFORD,CT,Moderate,Moderate
638,WALTON ELECTRIC MEMBER CORP,MONROE,GA,High,High
639,CITY OF WAPAKONETA - (OH),WAPAKONETA,OH,Low,Low
640,CITY OF BOULDER CITY - (NV),BOULDER CITY,NV,Low,Low
641,CITY OF BOUNTIFUL,BOUNTIFUL CITY,UT,Low,Low
642,WARREN RURAL ELEC COOP CORP,BOWLING GREEN,KY,High,High
643,CITY OF WASHINGTON - (NC),WASHINGTON,NC,Low,Low
644,WASHINGTON ELEC MEMBER CORP,SANDERSVILLE,GA,Moderate,Moderate
645,WASHINGTON ELECTRIC COOP - (VT),EAST MONTPELIER,VT,Low,Low
646,AVISTA CORP,SPOKANE,WA,High,High
647,CITY OF WATER VALLEY - (MS),WATER VALLEY,MS,Low,Low
648,VILLAGE OF WAUNAKEE - (WI),WAUNAKEE,WI,Low,Low
649,WHITEWATER VALLEY RURAL EMC,UNION COUNTY,IN,Low,Low
650,WAYNE-WHITE COUNTIES ELEC COOP,FAIRFIELD,IL,Moderate,Moderate
651,WEAKLEY COUNTY MUN ELEC SYS,WEAKLEY COUNTY,TN,Moderate,Moderate
652,TOWN OF WELLESLEY - (MA),WELLESLEY,MA,Low,Low
653,WEBSTER ELECTRIC COOP,MARSHFIELD,MO,Moderate,Moderate
654,WELLS RURAL ELECTRIC CO,WELLS,NV,Moderate,Moderate
655,WELLSBOROUGH ELECTRIC CO,WELLSBORO,PA,Low,Low
656,WEST CENTRAL ELECTRIC COOP INC - (MO),HIGGINSVILLE,MO,Low,Low
657,"WEST FLORIDA EL COOP ASSN, INC",BONIFAY,FL,Moderate,Moderate
658,WEST KENTUCKY RURAL E C C,MAYFIELD,KY,Moderate,Moderate
659,WEST PENN POWER COMPANY,GREENSBURG,PA,High,High
660,CITY OF WEST POINT - (MS),WEST POINT,MS,Low,Low
661,WEST RIVER ELECTRIC ASSN INC,RAPID CITY,SD,Moderate,Moderate
662,MOUNTRAIL-WILLIAMS ELEC COOP,WILLISTON,ND,High,High
663,CITY OF WESTBY,WESTBY,WI,Low,Low
664,WESTERN MASSACHUSETTS ELECTRIC COMPANY,SPRINGFIELD,MA,High,High
665,"WHARTON COUNTY ELEC COOP, INC",EL CAMPO,TX,Low,Low
666,WESTERN COOP ELECTRIC ASSN INC,WAKEENEY,KS,Moderate,Moderate
667,CITY OF WESTERVILLE - (OH),WESTERVILLE,OH,Moderate,Moderate
668,CITY OF WESTFIELD - (MA),WESTFIELD,MA,Moderate,Moderate
669,"BOWIE-CASS ELECTRIC COOP, INC",DOUGLASSVILLE,TX,Moderate,Moderate
670,"WHEATLAND ELECTRIC COOP, INC",TRIBUNE,KS,Moderate,Moderate
671,WHEELING POWER CO,COLUMBUS,OH,High,High
672,CITY OF BOWLING GREEN - (OH),BOWLING GREEN,OH,Moderate,Moderate
673,CITY OF BOWLING GREEN - (KY),BOWLING GREEN,KY,Moderate,Moderate
674,WHITE RIVER VALLEY EL COOP INC,BRANSON,MO,Moderate,Moderate
675,"WHITE RIVER ELECTRIC ASSN, INC",MEEKER,CO,Moderate,Moderate
676,NORTHEASTERN RURAL E M C,COLUMBIA CITY,IN,High,High
677,"WILD RICE ELECTRIC COOP, INC",MAHNOMEN,MN,Low,Low
678,ALAMEDA MUNICIPAL POWER,ALAMEDA,CA,Moderate,Moderate
679,WILLMAR MUNICIPAL UTILITIES,WILLMAR,MN,Low,Low
680,CITY OF WINCHESTER - (TN),WINCHESTER,TN,Low,Low
681,CITY OF WINFIELD - (KS),WINFIELD,KS,Moderate,Moderate
682,"WIREGRASS ELECTRIC COOP, INC",HARTFORD,AL,Moderate,Moderate
683,WISCONSIN ELECTRIC POWER CO,MILWAUKEE,WI,High,High
684,WISCONSIN POWER & LIGHT CO,MADISON,WI,High,High
686,WISCONSIN PUBLIC SERVICE CORP,GREEN BAY,WI,High,High
687,WISCONSIN RAPIDS W W & L COMM,WISCONSIN RAPIDS,WI,Low,Low
688,WITHLACOOCHEE RIVER ELEC COOP,DADE CITY,FL,High,High
689,BOZRAH LIGHT & POWER COMPANY,GILMAN,CT,Low,Low
691,"WOOD COUNTY ELECTRIC COOP, INC",QUITMAN,TX,Moderate,Moderate
692,WISE ELECTRIC COOP INC,DECATUR,TX,Moderate,Moderate
693,WOODRUFF ELECTRIC COOP CORP,FORREST CITY,AR,Moderate,Moderate
694,WRIGHT-HENNEPIN COOP ELEC ASSN,ROCKFORD,MN,Moderate,Moderate
695,YELLOWSTONE VALLEY ELEC CO-OP,HUNTLEY,MT,Moderate,Moderate
696,YORK ELECTRIC COOP INC,YORK,SC,High,High
697,CITY OF WORTHINGTON - (MN),WORTHINGTON,MN,Low,Low
698,WYANDOTTE MUNICIPAL SERV COMM,WYANDOTTE,MI,Moderate,Moderate
699,Y-W ELECTRIC ASSN INC,AKRON,CO,Moderate,Moderate
700,YAMPA VALLEY ELECTRIC ASSN INC,CRAIG,CO,Moderate,Moderate
701,PERENNIAL PUBLIC POWER DIST,STROMSBURG,NE,Moderate,Moderate
702,YAZOO VALLEY ELEC POWER ASSN,YAZOO CITY,MS,Moderate,Moderate
703,CITY OF ZEELAND - (MI),ZEELAND,MI,Moderate,Moderate
704,"SOUTHSIDE ELECTRIC COOP, INC",CREWE,VA,Moderate,Moderate
705,ALASKA ELECTRIC LIGHT&POWER CO,JUNEAU,AK,Moderate,Low
706,TOWN OF BRAINTREE - (MA),EAST BRAINTREE,MA,Moderate,Moderate
707,"FERGUS ELECTRIC COOP, INC",LEWISTOWN,MT,Low,Low
708,"MOHAVE ELECTRIC COOPERATIVE, I",BULLHEAD CITY,AZ,Moderate,Moderate
709,"WASHINGTON-ST TAMMANY E C, INC",SLIDELL,LA,High,High
710,ENERGYUNITED ELEC MEMBER CORP,STATESVILLE,NC,High,High
711,ALASKA POWER AND TELEPHONE CO,PT. TOWNSEND,WA,Low,Low
712,CITY OF BRENHAM - (TX),BRENHAM,TX,Low,Low
713,KENTUCKY POWER CO,COLUMBUS,OH,High,High
715,"BROAD RIVER ELECTRIC COOP, INC",GAFFNEY,SC,Moderate,Moderate
716,CITY OF BRISTOL - (TN),BRISTOL,TN,Moderate,Moderate
717,BRISTOL VIRGINIA UTILITIES,BRISTOL,VA,Moderate,Moderate
718,"EVERGY KANSAS CENTRAL, INC",TOPEKA,KS,High,High
719,ROOSEVELT COUNTY ELEC COOP INC,PORTALES,NM,Low,Low
720,RAFT RURAL ELEC COOP INC,MALTA,ID,Moderate,Moderate
721,DELTA ELECTRIC POWER ASSN,GREENWOOD,MS,Moderate,Moderate
722,CLARK COUNTY RURAL E M C - (IN),SELLERSBURG,IN,Moderate,Moderate
723,CITY OF BROOKINGS - (SD),BROOKINGS,SD,Moderate,Moderate
724,CITY OF ALBEMARLE - (NC),ALBEMARLE,NC,Low,Low
725,BURKE-DIVIDE ELECTRIC COOP INC,BURKE,ND,Low,Low
726,ALBEMARLE ELECTRIC MEMBER CORP,ALBEMARLE,NC,Low,Low
727,ALBERTVILLE MUNICIPAL UTILITIES BOARD,ALBERTVILLE,AL,Moderate,Moderate
728,CITY OF BROWNSVILLE,BROWNSVILLE,TN,Low,Low
729,TUCSON ELECTRIC POWER CO,TUCSON,AZ,High,High
730,CITY OF BRYAN - (TX),BRYAN,TX,High,High
731,UNITIL ENERGY SYSTEMS,EXETER,NH,Moderate,Moderate
732,BOONE COUNTY RURAL EMC,LEBANON,IN,Moderate,Moderate
733,CITY OF BUFORD,BUFORD,GA,Low,Low
734,BRUNSWICK ELECTRIC MEMBER CORP,SHALLOTTE,NC,High,High
735,CASS COUNTY ELEC COOP INC,FARGO,ND,High,High
736,"BUCKEYE RURAL ELEC COOP, INC",RIO GRANDE,OH,Low,Low
737,CITY OF BURBANK WATER AND POWER,BURBANK,CA,High,High
738,DAKOTA ELECTRIC ASSOCIATION,FARMINGTON,MN,High,High
739,WESTERN INDIANA ENERGY REMC,VINVENNES,IN,Moderate,Moderate
740,CITY OF BURLINGTON ELECTRIC - (VT),BURLINGTON,VT,Moderate,Low
741,AK-CHIN ELECTRIC UTILITY AUTHORITY,MARICOPA,AZ,Low,Low
742,AGC DIVISION OF APG INC,PITTSBURGH,PA,High,Low
743,BUTLER RURAL ELECTRIC COOP INC - (OH),OXFORD,OH,Low,Low
744,LIBERTY UTILITIES (GRANITE STATE ELECTRI,SALEM,NH,Moderate,Moderate
745,BUTLER COUNTY RURAL ELEC COOP - (IA),ALLISON,IA,Low,Low
746,C & L ELECTRIC COOP CORP,STAR CITY,AR,Moderate,Moderate
747,WAPA-- WESTERN AREA POWER ADMINISTRATION,MONTROSE,CO,High,High
748,"HIGH WEST ENERGY, INC",PINE BLUFFS,WY,Moderate,Moderate
749,CITY OF RIPLEY - (TN),RIPLEY,TN,Low,Low
750,"SOUTHWEST ELECTRIC COOP, INC",PRESTON,MO,Moderate,Moderate
751,TAYLOR ELECTRIC COOP INC - (TX),MERKEL,TX,Moderate,Moderate
752,CARROLL-WHITE REMC,MONTICELLO,IN,Moderate,Moderate
753,ALCORN COUNTY ELEC POWER ASSN,CORINTH,MS,Moderate,Moderate
754,CMS ELECTRIC COOP INC,MEADE,KS,Low,Low
755,CITY OF CALHOUN - (GA),CALHOUN,GA,Moderate,Moderate
756,CENTRAL ELECTRIC POWER ASSN - (MS),CARTHAGE,MS,Moderate,Moderate
757,CLATSKANIE PEOPLES UTIL DIST,CLATSKANIE,OR,High,High
758,CITY OF SAN MARCOS - (TX),SAN MARCOS,TX,Moderate,Moderate
759,CANOOCHEE ELECTRIC MEMBER CORP,REIDSVILLE,GA,Moderate,Moderate
760,"CANADIAN VALLEY ELEC COOP, INC",SEMINOLE,OK,Moderate,Moderate
761,CITY OF ALEXANDRIA - (MN),ALEXANDRIA,MN,Low,Low
762,"ALFALFA ELECTRIC COOP, INC",ALFALFA,KS,Moderate,Moderate
763,"CANEY FORK ELECTRIC COOP, INC",MCMINNVILLE,TN,Moderate,Moderate
764,CITY OF ALEXANDRIA - (LA),ALEXANDRIA,LA,Moderate,Moderate
765,"CAPITAL ELECTRIC COOP, INC",BISMARCK,ND,Moderate,Moderate
766,DUKE ENERGY PROGRESS - (NC),RALEIGH,NC,High,High
767,ALGER-DELTA COOP ELECTRIC ASSN,GLADSTONE,MI,Low,Low
768,ELECTRICAL DIST NO3 PINAL COUNTY,MARICOPA,AZ,Moderate,Moderate
769,CARROLL COUNTY - (TN),CARROLL COUNTY,TN,Moderate,Moderate
770,CARROLL ELECTRIC MEMBER CORP - (GA),CARROLLTON,GA,High,High
771,CARROLL ELECTRIC COOP CORP - (AR),BERRYVILLE,AR,High,High
772,CARTERET-CRAVEN EL MEMBER CORP,HAVELOCK,NC,Moderate,Moderate
773,CITY OF CARTERSVILLE - (GA),CARTERSVILLE,GA,Moderate,Moderate
774,CITY OF CARTHAGE - (MO),CARTHAGE,MO,Low,Low
775,OKEFENOKE RURAL EL MEMBER CORP,NAHUNTA,GA,Moderate,Moderate
776,CEDAR FALLS UTILITIES,CEDAR FALLS,IA,Moderate,Moderate
777,CEDAR-KNOX PUBLIC POWER DIST,HARTINGTON,NE,Moderate,Moderate
778,CEDARBURG LIGHT & WATER COMM,CEDARBURG,WI,Low,Low
779,CITY OF CELINA - (OH),CELINA,OH,Low,Low
780,CENTRAL ALABAMA ELECTRIC COOP,PRATTVILLE,AL,Moderate,Moderate
781,"CENTRAL RURAL ELECTRIC COOPERATIVE, INC",STILLWATER,OK,Moderate,Moderate
782,"CENTRAL ELECTRIC COOP, INC - (SD)",MITCHELL,SD,Moderate,Moderate
783,CENTRAL ELECTRIC COOP INC - (OR),REDMOND,OR,Moderate,Moderate
784,"CENTRAL FLORIDA ELEC COOP, INC",CHIEFLAND,FL,Moderate,Moderate
785,CENTRAL GEORGIA EL MEMBER CORP,JACKSON,GA,High,High
786,CENTRAL HUDSON GAS & ELEC CORP,POUGHKEEPSIE,NY,High,High
787,CENTRAL ELECTRIC MEMBERSHIP CORP. - (NC),SANFORD,NC,Moderate,Moderate
788,CENTRAL LINCOLN PEOPLE'S UT DT,FLORENCE,OR,High,High
789,CLECO POWER LLC,PINEVILLE,LA,High,Low
790,CENTRAL MAINE POWER CO,AUGUSTA,ME,High,High
791,CENTRAL MISSOURI ELEC COOP INC,SEDALIA,MO,Moderate,Moderate
792,"CENTRAL NEW MEXICO EL COOP, INC",MORIARTY,NM,Low,Low
793,"CENTRAL TEXAS ELEC COOP, INC",FREDERICKSBURG,TX,Moderate,Moderate
794,"CENTRAL VALLEY ELEC COOP, INC",ARTESIA,NM,Moderate,Moderate
795,CENTRAL VIRGINIA ELECTRIC COOP,ARRINGTON,VA,Moderate,Moderate
796,CITY OF CENTRALIA - (WA),CENTRALIA,WA,Low,Low
797,CITY OF CHASKA - (MN),CHASKA,MN,Moderate,Moderate
798,CITY OF CHATTANOOGA - (TN),CHATTANOOGA,TN,High,High
799,PUD NO 1 OF CHELAN COUNTY,WENATCHEE,WA,High,High
800,CHEROKEE ELECTRIC COOP,CENTRE,AL,Moderate,Moderate
801,CHERRYLAND ELECTRIC COOP INC,SOUTH GRAWN,MI,Moderate,Moderate
802,CHEYENNE LIGHT FUEL & POWER D/B/A BLACK,CHEYENNE,WY,High,High
803,CHEROKEE COUNTY ELEC COOP ASSN,RUSK,TX,Moderate,Moderate
804,CITY OF CHICKAMAUGA,CHICKAMAUGA,GA,Low,Low
805,CITY OF CHICOPEE - (MA),CHICOPEE,MA,Moderate,Moderate
806,CIMARRON ELECTRIC COOP,KINGFISHER,OK,Moderate,Moderate
807,"CHOCTAWHATCHE ELEC COOP, INC",DEFUNIAK SPRINGS,FL,Moderate,Moderate
808,"CHOPTANK ELECTRIC COOPERATIVE, INC",SALISBURY,MD,High,High
809,CHUGACH ELECTRIC ASSN INC,ANCHORAGE,AK,High,Moderate
810,CHOCTAW ELECTRIC COOP INC,HUGO,OK,Moderate,Moderate
811,DUKE ENERGY OHIO INC,CINCINNATI,OH,High,High
812,CITIZENS ELECTRIC CO - (PA),LEWISBURG,PA,Low,Low
813,CITIZENS ELECTRIC CORPORATION - (MO),PERRYVILLE,MO,High,High
814,"CLAIBORNE ELECTRIC COOP, INC",FARMERVILLE,LA,Moderate,Moderate
815,PUD NO 1 OF CLALLAM COUNTY,PORT ANGELES,WA,Moderate,Moderate
816,PUD NO 1 OF CLARK COUNTY - (WA),VANCOUVER,WA,High,High
817,CLARK ENERGY COOP INC - (KY),WINCHESTER,KY,Moderate,Moderate
818,CITY OF CLARKSVILLE - (TN),CLARKSVILLE,TN,High,High
819,CLAY COUNTY ELECTRIC COOP CORP,CORNING,AR,Low,Low
820,CLEVELAND ELECTRIC ILLUM CO,CLEVELAND,OH,High,High
821,"CLAY ELECTRIC COOPERATIVE, INC",KEYSTONE HEIGHTS,FL,High,High
822,CITY OF CLEVELAND - (TN),CLEVELAND,TN,High,High
823,GREAT LAKES ENERGY COOP,BOYNE,MI,High,High
824,CITY OF CLINTON - (TN),CLINTON,TN,Moderate,Moderate
825,CLOVERLAND ELECTRIC CO-OP,DAFTER,MI,Moderate,Moderate
826,COAST ELECTRIC POWER ASSN,BAY ST. LOUIS,MS,High,High
827,COASTAL ELECTRIC MEMBER CORP,MIDWAY,GA,Moderate,Moderate
828,COLUMBIA POWER SYSTEM,COLUMBIA,TN,Moderate,Moderate
829,COBB ELECTRIC MEMBERSHIP CORP,MARIETTA,GA,High,High
830,ALPENA POWER CO,ALPENA,MI,Moderate,Moderate
831,COLES-MOULTRIE ELECTRIC COOP,MATTOON,IL,Low,Low
832,CITY OF COLLEGE PARK - (GA),COLLEGE PARK,GA,Moderate,Moderate
833,CITY OF COLLEGE STATION - (TX),COLLEGE STATION,TX,Moderate,Moderate
834,CITY OF COLORADO SPRINGS - (CO),COLORADO SPRINGS,CO,High,Moderate
835,CITY OF COLTON - (CA),COLTON,CA,Moderate,Moderate
836,WESTFIELD ELECTRIC COMPANY,WESTFIELD,WI,Low,Low
838,CLARKE-WASHINGTON E M C,JACKSON,AL,Low,Low
839,"DIXIE ESCALANTE R E A, INC",BERYL,UT,Moderate,Moderate
840,"CHICKASAW ELECTRIC COOP, INC",SOMERVILLE,TN,Moderate,Moderate
841,"SOMERSET RURAL ELEC COOP, INC",SOMERSET,PA,Low,Low
842,COLQUITT ELECTRIC MEMBERSHIP CORP,MOULTRIE,GA,High,High
843,ADAMS ELECTRIC COOPERATIVE INC,GETTYSBURG,PA,Moderate,Moderate
844,"BEDFORD RURAL ELEC COOP, INC",BEDFORD,PA,Moderate,Moderate
845,VALLEY RURAL ELECTRIC COOP INC,HUNTINGDON,PA,Moderate,Moderate
846,"CENTRAL ELECTRIC COOP, INC - (PA)",PARKER,PA,Moderate,Moderate
847,RAPPAHANNOCK ELECTRIC COOP,FREDRICKSBURG,VA,High,High
848,"FORKED DEER ELECTRIC COOP, INC",HALLS,TN,Low,Low
849,CLAVERACK RURAL ELEC COOP INC,WYSOX,PA,Moderate,Moderate
850,TRI-COUNTY RURAL ELEC COOP INC (PA),COUDERSPORT,PA,Low,Low
851,REA ENERGY COOP INC,EBENSBURG,PA,Moderate,Moderate
852,"NORTHWESTERN RURAL E C A, INC - (PA)",CAMBRIDGE SPRINGS,PA,Low,Low
853,NORTH EAST MISSISSIPPI EPA,OXFORD,MS,Moderate,Moderate
854,MONROE COUNTY ELEC POWER ASSN,AMORY,MS,Low,Low
855,MINNESOTA VALLEY COOP L&P ASSN,MINNESOTA VALLEY,MN,Low,Low
856,CITY OF COURTLAND,COURTLAND,AL,Low,Low
857,"COLUMBIA RURAL ELEC ASSN, INC",DAYTON,WA,Moderate,Moderate
859,EMERALD PEOPLE'S UTILITY DIST,EUGENE,OR,Moderate,Moderate
860,COLUMBIA RIVER PEOPLES UT DIST,DEER ISLAND,OR,Moderate,Moderate
861,TOWN OF MURPHY - (NC),MURPHY,NC,Moderate,Moderate
862,CITY OF COLUMBIA - (MO),COLUMBIA,MO,High,High
863,PUD NO 1 OF WHATCOM COUNTY,FERNDALE,WA,Low,Low
864,CITY OF GRAND ISLAND - (NE),GRAND ISLAND,NE,High,Moderate
865,CO-MO ELECTRIC COOP INC,TIPTON,MO,Moderate,Moderate
866,CITY OF COLUMBUS - (MS),COLUMBUS,MS,Moderate,Moderate
867,ALTAMAHA ELECTRIC MEMBER CORP,LYONS,GA,Moderate,Moderate
868,CITY OF COLUMBUS - (WI),COLUMBUS,WI,Low,Low
869,COMMONWEALTH EDISON CO,CHICAGO,IL,High,High
870,CONCHO VALLEY ELEC COOP INC,SAN ANGELO,TX,Moderate,Moderate
871,"CONCORDIA ELECTRIC COOP, INC",JONESVILLE,LA,Low,Low
872,CALLAWAY ELECTRIC COOPERATIVE,FULTON,MO,Low,Low
873,CONNECTICUT LIGHT & POWER CO,HARTFORD,CT,High,High
874,CONSOLIDATED EDISON CO-NY INC,NEW YORK,NY,High,High
875,CONSOLIDATED ELECTRIC COOP,MEXICO,MO,Low,Low
876,CONSOLIDATED WATER POWER CO,WISCONSIN RAPIDS,WI,Moderate,Moderate
877,CONSUMERS ENERGY CO,JACKSON,MI,High,High
878,COOKE COUNTY ELEC COOP ASSN,MUENSTER,TX,Moderate,Moderate
879,CONTINENTAL DIVIDE EL COOP INC,GRANTS,NM,Moderate,Moderate
880,CONWAY CORPORATION,CONWAY,AR,Moderate,Moderate
881,CITY OF COOKEVILLE - (TN),COOKEVILLE,TN,Moderate,Moderate
882,COMANCHE COUNTY ELEC COOP ASSN,COMANCHE,TX,Moderate,Moderate
883,"COOKSON HILLS ELEC COOP, INC",STIGLER,OK,Moderate,Moderate
884,"COOS-CURRY ELECTRIC COOP, INC",COQUILLE,OR,Moderate,Moderate
885,COOSA VALLEY ELECTRIC COOP INC,TALLADEGA,AL,Moderate,Moderate
886,COLORADO RIVER COMM OF NEVADA,LAS VEGAS,NV,High,High
887,CORN BELT ENERGY CORPORATION,BLOOMINGTON,IL,Moderate,Moderate
888,CORNHUSKER PUBLIC POWER DIST,COLUMBUS,NE,Moderate,Moderate
889,CITY OF CORONA - (CA),CORONA,CA,Low,Low
890,"COTTON ELECTRIC COOP, INC",WALTERS,OK,Moderate,Moderate
891,"COVINGTON ELECTRIC COOP, INC",ANDALUSIA,AL,Moderate,Moderate
892,COWETA-FAYETTE EL MEMBER CORP,PALMETTO,GA,High,High
893,CITY OF COVINGTON - (GA),COVINGTON,GA,Moderate,Moderate
894,CITY OF COVINGTON - (TN),COVINGTON,TN,Low,Low
896,PUD NO 1 OF COWLITZ COUNTY,LONGVIEW,WA,High,High
897,CRAIGHEAD ELECTRIC COOP CORP,JONESBORO,AR,Moderate,Moderate
898,"CRAWFORD ELECTRIC COOP, INC",BOURBON,MO,Moderate,Moderate
899,CRISP COUNTY POWER COMM,CORDELE,GA,Moderate,Moderate
900,CROW WING COOPERATIVE POWER & LIGHT COMP,BRAINERD,MN,Moderate,Moderate
901,CITY OF CRYSTAL FALLS,CRYSTAL FALLS,MI,Low,Low
902,CITY OF CUBA CITY,CUBA CITY,WI,Low,Low
903,CULLMAN POWER BOARD,CULLMAN,AL,Low,Low
904,"CULLMAN ELECTRIC COOP, INC",CULLMAN,AL,High,High
905,"CUMBERLAND VALLEY ELECTRIC, INC.",CUMBERLAND,KY,Moderate,Moderate
906,CUMBERLAND ELEC MEMBER CORP,CLARKSVILLE,TN,High,High
907,CUIVRE RIVER ELECTRIC COOP INC,LAKE ST LOUIS,MO,High,High
908,CITY OF CUYAHOGA FALLS - (OH),CUYAHOGA FALLS,OH,Moderate,Moderate
909,AMANA SOCIETY SERVICE CO,AMANA,IA,Low,Low
910,DAHLBERG LIGHT & POWER CO,SOLON SPRINGS,WI,Low,Low
911,DAKOTA VALLEY ELEC COOP INC,EDGELEY,ND,Moderate,Moderate
912,DAKOTA ENERGY COOP INC,HURON,SD,Low,Low
913,"CONSUMERS POWER, INC",LEBANON,OR,Moderate,Moderate
914,DALTON UTILITIES,DALTON,GA,High,High
915,DAVIESS MARTIN COUNTY R E M C,LOOGOOTEE,IN,Moderate,Moderate
916,DAWSON POWER DISTRICT,LEXINGTON,NE,Moderate,Moderate
917,CITY OF DAYTON - (TN),DAYTON,TN,Low,Low
918,DAYTON POWER & LIGHT CO,DAYTON,OH,High,High
919,"DEAF SMITH ELECTRIC COOP, INC",HEREFORD,TX,Moderate,Moderate
920,DECATUR UTILITIES,DECATUR,AL,High,High
921,DECATUR COUNTY RURAL E M C,GREENSBURG,IN,Moderate,Moderate
922,DEEP EAST TEXAS ELEC COOP INC,SAN AUGUSTINE,TX,Moderate,Moderate
923,MASSACHUSETTS BAY TRANS AUTHORITY,BOSTON,MA,Moderate,Moderate
924,CITY OF BEREA MUNICIPAL UTILITY,BEREA,KY,Low,Low
925,DELMARVA POWER,WILMINGTON,DE,High,High
926,CITY OF DENTON - (TX),DENTON,TX,High,High
927,DELAWARE ELECTRIC COOPERATIVE,GREENWOOD,DE,High,High
928,"DENTON COUNTY ELEC COOP, INC",DENTON,TX,High,High
929,DELTA MONTROSE ELECTRIC ASSN,MONTROSE,CO,Moderate,Moderate
930,DTE ELECTRIC COMPANY,DETROIT,MI,High,High
931,CITY OF DICKSON,DICKSON,TN,Moderate,Moderate
932,DIXIE ELECTRIC POWER ASSN,LAUREL,MS,Moderate,Moderate
933,DIXIE ELECTRIC MEMBERSHIP CORP,ZACHARY,LA,High,High
934,DIXIE ELECTRIC COOP,UNION SPRINGS,AL,Moderate,Moderate
935,CITY OF DOTHAN - (AL),DOTHAN,AL,Moderate,Moderate
936,PUD NO 1 OF DOUGLAS COUNTY,EAST WENATCHEE,WA,High,Low
937,CITY OF DOVER - (DE),DOVER,DE,Moderate,Moderate
938,CITY OF DOVER - (OH),DOVER,OH,Low,Low
939,DUBOIS RURAL ELECTRIC COOP INC,JASPER,IN,Low,Low
940,DUCK RIVER ELEC MEMBER CORP,SHELBYVILLE,TN,High,High
941,"DUKE ENERGY CAROLINAS, LLC",CHARLOTTE,NC,High,High
942,DUNN COUNTY ELECTRIC COOP,LA CROSSE,WI,Low,Low
943,TOWN OF DANVERS,DANVERS,MA,Low,Moderate
944,DUQUESNE LIGHT CO,PITTSBURGH,PA,High,High
945,NSTAR ELECTRIC COMPANY,BOSTON,MA,High,High
946,CITY OF ABERDEEN - (MS),ABERDEEN,MS,Low,Low
947,CITY OF DYERSBURG,DYERSBURG,TN,Moderate,Moderate
948,EGYPTIAN ELECTRIC COOP ASSN,MURPHYSBORO,IL,Moderate,Moderate
949,CITY OF AMES - (IA),AMES,IA,Moderate,Moderate
950,CITY OF EAGLE RIVER - (WI),EAGLE RIVER,WI,Low,Low
951,EAST CENTRAL ENERGY,BRAHAM,MN,Moderate,Moderate
952,EAST MISSISSIPPI ELEC PWR ASSN,MERIDIAN,MS,Low,Low
953,CITY OF MORENO VALLEY - (CA),MORENO VALLEY,CA,Low,Low
955,CITY OF EAST POINT - (GA),EAST POINT,GA,Moderate,Moderate
956,EASTERN ILLINOIS ELEC COOP,PAXTON,IL,Low,Low
957,EAST-CENTRAL IOWA RURAL ELEC COOP,URBANA,IA,Low,Low
958,ENTERGY GULF STATES - LA LLC,BATON ROUGE,LA,High,High
959,ENTERGY TEXAS INC.,THE WOODLANDS,TX,High,High
960,ROUGHRIDER ELECTRIC COOPERATIV,DICKINSON,ND,Moderate,Moderate
961,EAST CENTRAL OKLAHOMA ELEC COOP INC,OKMULGEE,OK,Moderate,Moderate
962,HEART OF TEXAS ELECTRIC COOP,MCGREGOR,TX,Moderate,Moderate
963,EASTERN IOWA LIGHT & POWER COOP,WILTON,IA,Moderate,Moderate
964,EASTERN MAINE ELECTRIC COOP,CALAIS,ME,Low,Low
965,"BLACK HILLS COLORADO ELECTRIC, LLC",PUEBLO,CO,High,High
966,AMICALOLA ELECTRIC MEMBER CORP,JASPER,GA,Moderate,Moderate
967,"EDISTO ELECTRIC COOP, INC",BAMBERG,SC,Moderate,Moderate
968,EDGECOMBE-MARTIN COUNTY E M C,TARBORO,NC,Low,Low
969,CITY OF EDMOND - (OK),EDMOND,OK,Moderate,Moderate
970,AMEREN ILLINOIS COMPANY,PEORIA,IL,High,High
971,EL PASO ELECTRIC CO,EL PASO,TX,High,High
972,CITY OF AMORY,AMORY,MS,Low,Low
974,ELECTRICAL DIST NO8 MARICOPA,MARICOPA,AZ,Moderate,Moderate
975,LIBERTY UTILITIES,SOUTH LAKE TAHOE,CA,Moderate,Moderate
976,CITY OF ELIZABETH CITY - (NC),ELIZABETH CITY,NC,Moderate,Moderate
977,CITY OF ELIZABETHTON - (TN),ELIZABETHTON,TN,Moderate,Moderate
978,CITY OF ALCOA UTILITIES,ALCOA,TN,Moderate,Moderate
979,CITY OF ELK RIVER,ELK RIVER,MN,Moderate,Moderate
980,ELKHORN RURAL PUBLIC PWR DIST,BATTLE CREEK,NE,Moderate,Moderate
981,CITY OF WINTER PARK - (FL),WINTER PARK,FL,Moderate,Moderate
982,ELMHURST MUTUAL POWER & LIGHT CO,TACOMA,WA,Low,Low
983,EMPIRE DISTRICT ELECTRIC CO,JOPLIN,AR,High,High
984,"EMPIRE ELECTRIC ASSN, INC",CORTEZ,CO,Moderate,Moderate
985,CITY OF ANAHEIM - (CA),ANAHEIM,CA,High,High
986,PUD NO 1 OF JEFFERSON COUNTY,PORT HADLOCK,WA,Moderate,Moderate
987,EXCELSIOR ELECTRIC MEMBER CORP,METTER,GA,Moderate,Moderate
988,"FAIRFIELD ELECTRIC COOP, INC",BLYTHEWOOD,SC,Moderate,Moderate
989,VILLAGE OF FAIRPORT - (NY),FAIRPORT,NY,Moderate,Moderate
990,HEARTLAND REMC,WABASH,IN,Moderate,Moderate
991,TOWN OF ERWIN - (TN),ERWIN,TN,Low,Low
992,CITY OF ETOWAH,ETOWAH,TN,Low,Low
993,CITY OF EUGENE - (OR),EUGENE,OR,High,High
994,CKENERGY ELECTRIC COOPERATIVE,BINGER,OK,Moderate,Moderate
995,UPPER MICHIGAN ENERGY RESOURCES CORP.,MARQUETTE,MI,High,High
996,SOUTHERN PIONEER ELECTRIC COMPANY,LIBERAL,KS,Moderate,Moderate
997,CENTRAL COAST COMMUNITY ENERGY,MONTEREY,CA,High,High
998,CITY OF ELLENSBURG - (WA),ELLENSBURG,WA,Low,Low
999,FALL RIVER RURAL ELEC COOP INC,ASHTON,ID,Moderate,Moderate
1000,"FARMERS ELECTRIC COOP, INC - (MO)",CHILLICHOTHE,MO,Moderate,Moderate
1001,"FARMERS ELECTRIC COOP, INC - (TX)",GREENVILLE,TX,High,High
1002,"FAYETTE ELECTRIC COOP, INC",LA GRANGE,TX,Moderate,Moderate
1003,FARMERS RURAL ELECTRIC COOP CORP - (KY),GLASGOW,KY,Moderate,Moderate
1004,"FARMERS ELECTRIC COOP, INC - (NM)",CLOVIS,NM,Moderate,Moderate
1005,CITY OF FARMINGTON - (NM),FARMINGTON,NM,Moderate,Low
1006,CITY OF FARMINGTON - (MO),FARMINGTON,MO,Low,Low
1008,CITY OF FAYETTEVILLE,FAYETTEVILLE,TN,Moderate,Moderate
1009,FEDERATED RURAL ELECTRIC ASSN,JACKSON,MN,Moderate,Moderate
1010,FIRST ELECTRIC COOP CORP,JACKSONVILLE,AR,High,High
1011,CITY OF ANDERSON - (IN),ANDERSON,IN,Moderate,Moderate
1012,FISHERS ISLAND UTILITY CO INC,FISHERS ISLAND,NY,Low,Low
1013,FITCHBURG GAS & ELEC LIGHT CO,FITCHBURG,NH,Low,Low
1014,FLATHEAD ELECTRIC COOP INC,LIBBY,MT,High,High
1015,FLINT ELECTRIC MEMBERSHIP CORP,REYNOLDS,GA,High,High
1016,CITY OF FLORENCE - (AL),FLORENCE,AL,High,High
1017,FLORENCE UTILITY COMM,FLORENCE,WI,Low,Low
1018,FLEMING-MASON ENERGY COOP INC,FLEMINGSBURG,KY,High,High
1019,"FLORIDA KEYS EL COOP ASSN, INC",TAVERNIER,FL,Moderate,Moderate
1020,FLORIDA POWER & LIGHT CO,MIAMI,FL,High,High
1021,"DUKE ENERGY FLORIDA, LLC",ST. PETERSBURG,FL,High,High
1022,FLORIDA PUBLIC UTILITIES CO,FERNANDINA BEACH,FL,Moderate,Moderate
1023,CITY OF FOREST GROVE,FOREST GROVE,OR,Low,Low
1024,CITY OF FORT COLLINS - (CO),FORT COLLINS,CO,High,High
1025,FORT LOUDOUN ELECTRIC COOP,MADISONVILLE,TN,Moderate,Moderate
1026,CITY OF FORT MORGAN,FORT MORGAN,CO,Low,Low
1027,FORT PAYNE IMPROVEMENT AUTHORITY,FORT PAYNE,AL,Moderate,Moderate
1028,FORT PIERCE UTILITIES AUTHORITY,FORT PIERCE,FL,Moderate,Moderate
1029,CITY OF FOUNTAIN,FOUNTAIN,CO,Low,Low
1030,FOUR COUNTY ELEC MEMBER CORP,BURGAW,NC,High,High
1031,4-COUNTY ELECTRIC POWER ASSN,COLUMBUS,MS,High,High
1032,CITY OF FRANKFORT - (IN),FRANKFORT,IN,Moderate,Moderate
1033,CITY OF FRANKFORT - (KY),FRANKFORT,KY,Moderate,Moderate
1034,EASLEY COMBINED UTILITY SYSTEM,EASLEY,SC,Low,Low
1035,PUD NO 1 OF FRANKLIN COUNTY,PASCO,WA,High,High
1036,FRANKLIN ELECTRIC COOP - (AL),RUSSELLVILLE,AL,Low,Low
1037,CITY OF FRANKLIN - (KY),FRANKLIN,KY,Low,Low
1038,VILLAGE OF FREEPORT - (NY),FREEPORT,NY,Low,Low
1039,CITY OF FREMONT - (NE),FREMONT,NE,Moderate,Moderate
1040,FREEBORN-MOWER ELECTRIC COOPERATIVE,ALBERT LEA,MN,Moderate,Moderate
1041,FRENCH BROAD ELEC MEMBER CORP,MARSHALL,NC,Moderate,Moderate
1042,CITY OF FULTON - (KY),FULTON,KY,Low,Low
1043,CONNEXUS ENERGY,RAMSEY,MN,High,High
1044,CITY OF GAFFNEY - (SC),GAFFNEY,SC,Low,Low
1045,CITY OF BARDSTOWN - (KY),BARDSTOWN,KY,Low,Low
1046,GAINESVILLE REGIONAL UTILITIES,GAINESVILLE,FL,High,Low
1047,CITY OF ANOKA,ANOKA,MN,Low,Low
1048,CITY OF GALLATIN - (TN),GALLATIN,TN,Moderate,Moderate
1049,CITY OF GARDEN CITY,GARDEN CITY,KS,Moderate,Moderate
1050,"GARKANE ENERGY COOP, INC",LOA,UT,Low,Low
1051,CITY OF GARLAND - (TX),GARLAND,TX,High,High
1052,GASCOSAGE ELECTRIC COOP,DIXON,MO,Low,Low
1053,CITY OF GASTONIA - (NC),GASTONIA,NC,Moderate,Moderate
1054,GREYSTONE POWER CORPORATION,DOUGLASVILLE,GA,High,High
1055,CITY OF GENEVA- (IL),GENEVA,IL,Moderate,Moderate
1056,CITY OF GEORGETOWN - (TX),GEORGETOWN,TX,Moderate,Moderate
1057,GEORGIA POWER CO,ATLANTA,GA,High,High
1058,GIBSON ELECTRIC MEMBERS CORP,TRENTON,TN,Moderate,Moderate
1059,TOWN OF APEX- (NC),APEX,NC,Moderate,Moderate
1060,CITY OF GILLETTE - (WY),GILLETTE,WY,Moderate,Low
1061,"GLADES ELECTRIC COOP, INC",MOORE HAVEN,FL,Moderate,Moderate
1062,CITY OF GLADSTONE,GLADSTONE,MI,Low,Low
1063,APPALACHIAN ELECTRIC COOP,NEW MARKET,TN,Moderate,Moderate
1064,CITY OF GLASGOW - (KY),GLASGOW,KY,Low,Low
1065,CITY OF GLENDALE - (CA),GLENDALE,CA,High,High
1066,APPALACHIAN POWER CO,COLUMBUS,OH,High,High
1067,GOLDEN VALLEY ELEC ASSN INC,FAIRBANKS,AK,High,Moderate
1068,GRADY ELECTRIC MEMBERSHIP CORP,CAIRO,GA,Moderate,Moderate
1069,CITY OF GRAND HAVEN - (MI),GRAND HAVEN,MI,Moderate,Low
1070,GRAND RIVER DAM AUTHORITY,VINITA,OK,High,High
1071,ARAB ELECTRIC COOP INC,ARAB,AL,Moderate,Moderate
1072,PUD NO 1 OF GRAYS HARBOR COUNTY,ABERDEEN,WA,High,High
1073,GRAYSON RURAL ELECTRIC COOP CORP,GRAYSON,KY,Low,Low
1074,"GRAYSON-COLLIN ELEC COOP, INC",VAN ALSTYNE,TX,High,High
1075,"GREENBELT ELECTRIC COOP, INC",WELLINGTON,TX,Low,Low
1076,GRAND VALLEY POWER,GRAND JUNCTION,CO,Low,Low
1077,GREEN MOUNTAIN POWER CORP,COLCHESTER,VT,High,High
1078,CITY OF GREENEVILLE - (TN),GREENEVILLE,TN,High,High
1079,CITY OF GREENFIELD - (IN),GREENFIELD,IN,Moderate,Moderate
1080,CITY OF GREENVILLE - (TX),GREENVILLE,TX,Moderate,Moderate
1081,GREER COMMISSION OF PUBLIC WKS,GREER,SC,Moderate,Moderate
1082,CITY OF GRIFFIN - (GA),GRIFFIN,GA,Moderate,Moderate
1083,GROTON DEPT OF UTILITIES - (CT),GROTON,CT,Moderate,Moderate
1084,GUADALUPE VALLEY ELEC COOP INC,GONZALES,TX,High,High
1085,"GULF COAST ELECTRIC COOP, INC",WEWAHITCHKA,FL,Moderate,Moderate
1086,GULF POWER CO,PENSACOLA,FL,High,High
1087,GUNTERSVILLE ELECTRIC BOARD,GUNTERSVILLE,AL,Low,Low
1088,HABERSHAM ELECTRIC MEMBERSHIP CORP,CLARKESVILLE,GA,Moderate,Moderate
1089,GUERNSEY-MUSKINGUM EL COOP INC,NORTH BALTIMORE,OH,Low,Low
1090,CITY OF HAMILTON - (OH),HAMILTON,OH,Moderate,Moderate
1091,HAMILTON COUNTY ELEC COOP ASSN,HAMILTON,TX,Low,Low
1092,NINESTAR CONNECT,GREENFIELD,IN,Moderate,Moderate
1093,ARIZONA PUBLIC SERVICE CO,PHOENIX,AZ,High,High
1094,HANCOCK-WOOD ELECTRIC COOP INC,MILLERSBURG,OH,Moderate,Moderate
1095,CITY OF HANNIBAL - (MO),HANNIBAL,MO,Moderate,Low
1096,ENTERGY ARKANSAS LLC,LITTLE ROCK,AR,High,High
1097,CITY OF HARRIMAN - (TN),HARRIMANE,TN,Low,Low
1098,ARKANSAS VALLEY ELEC COOP CORP,OZARK,AR,High,High
1099,HARRISON COUNTY RURAL E M C,CORYDON,IN,Moderate,Moderate
1100,CITY OF HARRISONBURG - (VA),HARRISONBURG,VA,Moderate,Moderate
1101,HART ELECTRIC MEMBER CORP,HARTWELL,GA,Moderate,Moderate
1102,HARTFORD ELECTRIC,HARTFORD,WI,Moderate,Moderate
1103,CITY OF HARTSELLE,HARTSELLE,AL,Low,Low
1104,CITY OF HASTINGS - (NE),HASTINGS,NE,Moderate,Low
1105,HAWAII ELECTRIC LIGHT CO INC,HILO,HI,High,Moderate
1106,HEARTLAND POWER COOP,THOMSPON,IA,Moderate,Moderate
1107,HAYWOOD ELECTRIC MEMBER CORP,WAYNESVILLE,NC,Moderate,Moderate
1108,A & N ELECTRIC COOP,TASLEY,VA,Moderate,Moderate
1109,HENDRICKS COUNTY RURAL E M C,AVON,IN,Moderate,Moderate
1110,HENDERSON CITY UTILITY COMM,HENDERSON,KY,Moderate,Moderate
1111,CITY OF HICKMAN,HICKMAN,KY,Low,Low
1112,HIGH PLAINS POWER INC,DUBOIS,WY,Moderate,Moderate
1113,HIGHLINE ELECTRIC ASSN,HOLYOKE,CO,Moderate,Moderate
1114,TOWN OF HIGH POINT,HIGH POINT,NC,High,High
1115,"HILCO ELECTRIC COOPERATIVE, INC.",ITASCA,TX,Moderate,Moderate
1116,INLAND POWER & LIGHT COMPANY,SPOKANE,WA,High,Low
1117,CITY OF HOLLY SPRINGS,HOLLY SPRING,MS,Low,Low
1118,HOLMES-WAYNE ELECTRIC COOP INC,NEWARK,OH,Moderate,Moderate
1119,"HOLSTON ELECTRIC COOP, INC",ROGERSVILLE,TN,Moderate,Moderate
1120,"HOLY CROSS ELECTRIC ASSN, INC",GLENWOOD SPRINGS,CO,High,High
1121,CITY OF HOLYOKE - (MA),HOLYOKE,MA,Moderate,Low
1122,HORRY ELECTRIC COOP INC,CONWAY,SC,High,High
1123,CITY OF HOMESTEAD - (FL),HOMESTEAD,FL,Moderate,Moderate
1124,CITY OF HOPE,HOPE,AR,Low,Low
1125,CITY OF HOPKINSVILLE,HOPKINSVILLEE,KY,Moderate,Moderate
1126,TERREBONNE PARISH CONSOL GOV'T,HOUMA,LA,Moderate,Moderate
1127,HOUSTON COUNTY ELEC COOP INC,CROCKETT,TX,Moderate,Moderate
1128,"HOWELL-OREGON ELEC COOP, INC",WEST PLAINS,MO,Moderate,Moderate
1129,TOWN OF HUDSON - (MA),HUDSON,MA,Low,Low
1130,CITY OF HUMBOLDT,HUMBOLDT,TN,Low,Low
1131,TOWN OF HUNTERSVILLE - (NC),HUNTERSVILLE,NC,Low,Low
1132,CITY OF HUNTSVILLE - (AL),HUNTSVILLE,AL,High,High
1133,HUSTISFORD UTILITIES,HUSTISFORD,WI,Low,Low
1134,CITY OF IDAHO FALLS - (ID),IDAHO FALLS,ID,Moderate,Moderate
1135,IDAHO POWER CO,BOISE,ID,High,High
1136,IMPERIAL IRRIGATION DISTRICT,IMPERIAL,CA,High,High
1137,CITY OF INDEPENDENCE - (IA),INDEPENDENCE,IA,Low,Low
1138,CITY OF INDEPENDENCE - (MO),INDEPENDENCE,MO,High,Moderate
1139,"INDIAN ELECTRIC COOP, INC",CLEVELAND,OK,Moderate,Moderate
1140,INDIANAPOLIS POWER & LIGHT CO,INDIANAPOLIS,IN,High,High
1141,INTER COUNTY ENERGY COOP CORP,DANVILLE,KY,Moderate,Moderate
1142,INDIANA MICHIGAN POWER CO,FORT WAYNE,IN,High,High
1143,INTERCOUNTY ELECTRIC COOP ASSN,LICKING,MO,Moderate,Moderate
1144,INTERMOUNTAIN RURAL ELEC ASSN,SEDALIA,CO,High,High
1145,INTERSTATE POWER AND LIGHT CO,CEDAR RAPIDS,IA,High,High
1146,IOWA LAKES ELECTRIC COOP,ESTHERVILLE,IA,Moderate,Moderate
1147,IRWIN ELECTRIC MEMBERSHIP CORP,OCILLA,GA,Low,Low
1148,CITY OF ATHENS - (AL),ATHENS,AL,High,High
1149,ATHENS UTILITY BOARD,ATHENS,TN,Moderate,Moderate
1150,ITASCA-MANTRAP CO-OP ELECTRICAL ASSN,PARK RAPIDS,MN,Low,Low
1151,JACKSON ENERGY COOP CORP - (KY),MCKEE,KY,Moderate,Moderate
1152,JACKSON COUNTY RURAL E M C - (IN),JACKSON COUNTY,IN,Moderate,Moderate
1153,"JACKSON ELECTRIC COOP, INC - (TX)",GANADO,TX,Moderate,Moderate
1154,JACKSON ELECTRIC MEMBER CORP - (GA),JEFFERSON,GA,High,High
1155,JACKSON PURCHASE ENERGY CORPORATION,PADUCAH,KY,Moderate,Moderate
1156,CITY OF JACKSON - (TN),JACKSON,TN,High,High
1157,CITY OF LEBANON - (IN),LEBANON,IN,Low,Low
1158,BEACHES ENERGY SERVICES,JACKSONVILLE BEACH,FL,Moderate,Moderate
1159,JEA,JACKSONVILLE,FL,High,High
1160,ATLANTIC CITY ELECTRIC CO,ATLANTIC CITY,NJ,High,High
1161,JASPER COUNTY RURAL E M C,JASPER COUNTY,IN,Low,Low
1162,CITY OF JASPER - (IN),JASPER,IN,Low,Low
1163,"JASPER-NEWTON ELEC COOP, INC",KIRBYVILLE,TX,Moderate,Moderate
1164,"JEFFERSON DAVIS ELEC COOP, INC",JENNINGS,LA,Low,Low
1165,JEFFERSON ELECTRIC MEMBER CORP,WRENS,GA,Moderate,Moderate
1166,JEFFERSON UTILITIES,JEFFERSON,WI,Low,Low
1167,CITY OF JELLICO,JELLICO,TN,Low,Low
1168,"JEMEZ MOUNTAINS ELEC COOP, INC",HERNANDEZ,NM,Moderate,Moderate
1169,JERSEY CENTRAL POWER & LT CO,AKRON,OH,High,High
1170,JOE WHEELER ELEC MEMBER CORP,TRINITY,AL,High,High
1171,"JO-CARROLL ENERGY, INC",ELIZABETH,IL,Moderate,Moderate
1172,JOHNSON CITY - (TN),JOHNSON CITY,TN,High,High
1173,JOHNSON COUNTY RURAL E M C,FRANKLIN,IN,Moderate,Moderate
1174,JONES-ONSLOW ELEC MEMBER CORP,JACKSONVILLE,NC,High,High
1175,CITY WATER AND LIGHT PLANT,JONESBORO,AR,High,Moderate
1176,CITY OF AUBURN - (IN),AUBURN,IN,Moderate,Moderate
1177,KENERGY CORP,OWENSBORO,KY,High,High
1178,KANKAKEE VALLEY RURAL E M C,WANATAH,IN,Moderate,Moderate
1182,CITY OF DANVILLE - (VA),DANVILLE,VA,Moderate,Moderate
1183,CITY OF CLEVELAND - (OH),CLEVELAND,OH,High,High
1184,HOULTON WATER COMPANY,HOULTON,ME,Low,Low
1185,CITY OF MESA - (AZ),MESA,AZ,Moderate,Moderate
1186,GREENVILLE UTILITIES COMM,GREENVILLE,NC,High,High
1187,ALBANY UTILITY BOARD,ALBANY,GA,Moderate,Moderate
1188,CITY OF WILSON,WILSON,NC,High,High
1189,FOLEY BOARD OF UTILITIES,FOLEY,AL,High,High
1190,CITY OF CLAREMORE,CLAREMORE,OK,Low,Low
1191,GREENWOOD CPW,GREENWOOD,SC,Low,Low
1192,KERRVILLE PUBLIC UTILITY BOARD,KERRVILLE,TX,Moderate,Moderate
1193,CITY OF SAN ANTONIO - (TX),SAN ANTONIO,TX,High,High
1194,CITY OF NORWICH - (CT),NORWICH,CT,Low,Low
1195,FAYETTEVILLE PUBLIC WORKS COMMISSION,FAYETTEVILLE,NC,High,High
1196,BOROUGH OF CHAMBERSBURG,CHAMBERSBURG,PA,Moderate,Moderate
1197,CITY OF LODI - (WI),LODI,WI,Low,Low
1198,CITY OF LAFAYETTE - (LA),LAFAYETTE,LA,High,High
1199,CITY OF LANSING - (MI),LANSING,MI,High,High
1200,"CRAWFORDSVILLE ELEC, LGT & PWR",CRAWSFORDSVILLE,IN,Moderate,Moderate
1201,WATERLOO LIGHT & WATER COMM,WATERLOO,WI,Low,Low
1202,CITY OF CONCORD - (NC),CONCORD,NC,Moderate,Moderate
1203,CITY OF OCALA,OCALA,FL,High,High
1204,WHITEHALL ELECTRIC UTILITY,WHITEHALL,WI,Low,Low
1205,HUTCHINSON UTILITIES COMM,HUTCHINSON,MN,Low,Low
1206,PARAGOULD LIGHT & WATER COMM,PARAGOULD,AR,Moderate,Moderate
1207,STILLWATER UTILITIES AUTHORITY,STILLWATER,OK,Moderate,Moderate
1208,CITY OF COFFEYVILLE - (KS),COFFEYVILLE,KS,Moderate,Moderate
1209,EASTON UTILITIES COMM,EASTON,MD,Low,Low
1210,WAUPUN UTILITIES,WAUPUN,WI,Low,Low
1211,CITY OF COLUMBUS - (OH),COLUMBUS,OH,Moderate,Moderate
1212,CITY OF PRESTON,PRESTON,IA,Low,Low
1213,ROCHELLE MUNICIPAL UTILITIES,ROCHELLE,IL,Moderate,Moderate
1214,WATERTOWN MUNICIPAL UTILITIES,WATERTOWN,SD,Moderate,Moderate
1215,REEDSBURG UTILITY COMM,REEDSBURG,WI,Low,Low
1216,JUNEAU UTILITY COMM,JUNEAU,WI,Low,Low
1217,HAGERSTOWN LIGHT DEPARTMENT,HAGERSTOWN,MD,Moderate,Moderate
1218,CITY OF ANDALUSIA,ANDALUSIA,AL,Moderate,Moderate
1219,JAMESTOWN BOARD OF PUBLIC UTIL,JAMESTOWN,NY,Moderate,Moderate
1220,CITY OF KANSAS CITY - (KS),KANSAS CITY,KS,High,Moderate
1221,CITY OF STURGIS,STURGIS,MI,Low,Low
1222,CITY OF DOUGLAS,DOUGLAS,GA,Low,Low
1223,GREENWOOD UTILITIES COMM,GREENWOOD,MS,Low,Low
1224,CITY OF WEST MEMPHIS - (AR),WEST MEMPHIS,AR,Moderate,Low
1225,CLARKSVILLE LIGHT & WATER CO,CLARKSVILLE,AR,Low,Low
1226,CITY OF EVANSVILLE,EVANSVILLE,WI,Low,Low
1227,BROWNSVILLE PUBLIC UTILITIES BOARD,BROWNSVILLE,TX,High,High
1228,WEATHERFORD MUN UTILITY SYSTEM,WEATHERFORD,TX,Moderate,Moderate
1229,CITY OF CHANUTE,CHANUTE,KS,Moderate,Low
1230,MANITOWOC PUBLIC UTILITIES,MANITOWOC,WI,Moderate,Moderate
1231,ALGOMA UTILITY COMM,ALGOMA,WI,Low,Low
1232,CITY OF HOLLAND,HOLLAND,MI,High,Low
1233,BRODHEAD WATER & LIGHTING COMM,BRODHEAD,WI,Low,Low
1234,CLYDE LIGHT & POWER,CLYDE,OH,Low,Low
1235,CITY OF FLORESVILLE,FLORESVILLE,TX,Moderate,Moderate
1236,CITY OF NATCHITOCHES,NATCHITOCHES,LA,Low,Low
1237,SHAWANO MUNICIPAL UTILITIES,SHAWANO,WI,Low,Low
1238,COLDWATER BOARD OF PUBLIC UTIL,COLDWATER,MI,Moderate,Moderate
